[378.6592691473197, 218.65926914731972, 378.6592691473197, 374.5529016701039, 214.5529016701039, 374.5529016701039, 373.9039761705197, 213.90397617051968, 373.9039761705197, 329.7420550968549, 169.74205509685493, 329.7420550968549, 330.6571896669742, 170.6571896669742, 330.6571896669742, 372.77402728256504, 212.77402728256504, 372.77402728256504, 385.0385492834973, 225.03854928349728, 385.0385492834973]
[363.98810159415007, 203.98810159415007, 363.98810159415007, 350.94491757545103, 190.94491757545103, 350.94491757545103, 413.4766414957307, 253.4766414957307, 413.4766414957307, 400.9886355148459, 240.9886355148459, 400.9886355148459, 365.2111431779776, 205.2111431779776, 365.2111431779776, 300.3096464285727, 140.3096464285727, 300.3096464285727, 305.62558043844547, 145.62558043844547, 305.62558043844547]
[375.4937802918721, 215.4937802918721, 375.4937802918721, 377.24278582149464, 217.24278582149464, 377.24278582149464, 364.0655105073671, 204.0655105073671, 364.0655105073671, 401.4401356830865, 241.4401356830865, 401.4401356830865, 380.09048975206093, 220.09048975206093, 380.09048975206093, 391.27897246059774, 231.27897246059774, 391.27897246059774, 395.39756323345046, 235.39756323345046, 395.39756323345046]
[349.7372110770084, 189.7372110770084, 349.7372110770084, 335.1718650874682, 175.17186508746818, 335.1718650874682, 346.04627903116824, 186.04627903116824, 346.04627903116824, 345.8537440843281, 185.85374408432813, 345.8537440843281, 340.95145071564195, 180.95145071564195, 340.95145071564195, 284.7947198029508, 124.7947198029508, 284.7947198029508, 353.84482144373044, 193.84482144373044, 353.84482144373044, 339.96041223808606, 179.96041223808606, 339.96041223808606]
[370.63394117867574, 210.63394117867574, 370.63394117867574, 339.1505371592939, 179.1505371592939, 339.1505371592939, 413.9131518546492, 253.9131518546492, 413.9131518546492, 356.05026606703177, 196.05026606703177, 356.05026606703177, 402.89381332695484, 242.89381332695484, 402.89381332695484, 360.702088031685, 200.70208803168498, 360.702088031685, 343.41866431292146, 183.41866431292146, 343.41866431292146, 433.7242155324202, 273.7242155324202, 433.7242155324202]
[264.07398067065515, 104.07398067065515, 264.07398067065515, 263.3912781148683, 103.39127811486833, 263.3912781148683, 260.40926153121393, 100.40926153121393, 260.40926153121393, 315.06898912067646, 155.06898912067646, 315.06898912067646, 328.31495818863414, 168.31495818863414, 328.31495818863414, 305.9032692353434, 145.90326923534337, 305.9032692353434, 332.76146277978285, 172.76146277978285, 332.76146277978285, 371.4956583901202, 211.49565839012018, 371.4956583901202, 381.7848614352968, 221.78486143529682, 381.7848614352968]
[332.71348893875256, 172.71348893875256, 332.71348893875256, 368.41134706744924, 208.41134706744924, 368.41134706744924, 374.6439787164886, 214.64397871648862, 374.6439787164886, 382.1538229101931, 222.15382291019313, 382.1538229101931, 379.29260885779036, 219.29260885779036, 379.29260885779036, 310.6842295646822, 150.6842295646822, 310.6842295646822, 327.82208035673955, 167.82208035673955, 327.82208035673955, 388.50037949834905, 228.50037949834905, 388.50037949834905]
[370.0932996533811, 210.0932996533811, 370.0932996533811, 362.24583999331753, 202.24583999331753, 362.24583999331753, 345.9578179016603, 185.9578179016603, 345.9578179016603, 395.4308513372945, 235.43085133729448, 395.4308513372945, 385.60870206053846, 225.60870206053846, 385.60870206053846, 391.8445712521398, 231.84457125213981, 391.8445712521398, 402.50006392672367, 242.50006392672367, 402.50006392672367, 488.33851071155146, 328.33851071155146, 488.33851071155146, 421.5475207947604]
[322.7078627725132, 162.70786277251318, 322.7078627725132, 264.9797564907931, 104.97975649079308, 264.9797564907931, 249.80901913955017, 89.80901913955017, 249.80901913955017, 263.5646693525423, 103.5646693525423, 263.5646693525423, 265.8391971514154, 105.83919715141542, 265.8391971514154, 250.98707052418203, 90.98707052418203, 250.98707052418203, 270.7176962658316, 110.71769626583159, 270.7176962658316]
[378.9675486565102, 218.9675486565102, 378.9675486565102, 302.6597313361708, 142.6597313361708, 302.6597313361708, 317.6434262667805, 157.64342626678052, 317.6434262667805, 315.413421991069, 155.41342199106901, 315.413421991069, 269.04396089580746, 109.04396089580746, 269.04396089580746, 217.90607211094283, 57.90607211094283, 217.90607211094283, 279.1803951474104, 119.18039514741042, 279.1803951474104]
[285.9162355843, 125.91623558430001, 285.9162355843, 370.17502845963463, 210.17502845963463, 370.17502845963463, 368.4020884206615, 208.40208842066153, 368.4020884206615, 380.6058603490345, 220.60586034903451, 380.6058603490345, 370.0905151629983, 210.09051516299832, 370.0905151629983, 399.5576144910236, 239.55761449102363, 399.5576144910236, 372.6914863256172, 212.69148632561718, 372.6914863256172, 385.11167411841876, 225.11167411841876, 385.11167411841876]
[357.38967008772306, 197.38967008772306, 357.38967008772306, 317.48163633281365, 157.48163633281365, 317.48163633281365, 377.6325116842054, 217.63251168420538, 377.6325116842054, 364.65181877953, 204.65181877953, 364.65181877953, 383.28710725183174, 223.28710725183174, 383.28710725183174, 339.42501442168566, 179.42501442168566, 339.42501442168566, 327.0474639501301, 167.04746395013012, 327.0474639501301]
[367.37997598946095, 207.37997598946095, 367.37997598946095, 347.34152366408307, 187.34152366408307, 347.34152366408307, 408.007494993519, 248.007494993519, 408.007494993519, 399.7967834770788, 239.7967834770788, 399.7967834770788, 417.8668019734422, 257.8668019734422, 417.8668019734422, 409.17695561425023, 249.17695561425023, 409.17695561425023, 353.7826079595946, 193.7826079595946, 353.7826079595946]
[367.3943004233297, 207.3943004233297, 367.3943004233297, 390.9051570762535, 230.9051570762535, 390.9051570762535, 321.5576113237156, 161.5576113237156, 321.5576113237156, 326.3544652960828, 166.35446529608282, 326.3544652960828, 328.1068858202184, 168.1068858202184, 328.1068858202184, 343.7782709847115, 183.77827098471153, 343.7782709847115, 348.78683742481564, 188.78683742481564, 348.78683742481564]
[344.45394263835624, 184.45394263835624, 344.45394263835624, 276.40546914888546, 116.40546914888546, 276.40546914888546, 300.5982934567146, 140.5982934567146, 300.5982934567146, 288.63819828955457, 128.63819828955457, 288.63819828955457, 349.37895885901526, 189.37895885901526, 349.37895885901526, 316.11181481030985, 156.11181481030985, 316.11181481030985, 291.21323089815417, 131.21323089815417, 291.21323089815417, 303.4669058223474, 143.46690582234743, 303.4669058223474]
[341.7522716522217, 181.75227165222168, 341.7522716522217, 346.64018644951284, 186.64018644951284, 346.64018644951284, 402.10669562220573, 242.10669562220573, 402.10669562220573, 367.0639960281551, 207.0639960281551, 367.0639960281551, 363.4079100288748, 203.40791002887482, 363.4079100288748, 284.1541139040039, 124.1541139040039, 284.1541139040039, 348.2576127819799, 188.2576127819799, 348.2576127819799, 373.13483242918437, 213.13483242918437, 373.13483242918437]
[340.2117479778826, 180.21174797788262, 340.2117479778826, 398.852850086987, 238.85285008698702, 398.852850086987, 418.68509700657796, 258.68509700657796, 418.68509700657796, 379.145745487222, 219.14574548722197, 379.145745487222, 410.1389503305993, 250.1389503305993, 410.1389503305993, 442.55760984640835, 282.55760984640835, 442.55760984640835, 413.99562899157377, 253.99562899157377, 413.99562899157377]
[373.21706494665705, 213.21706494665705, 373.21706494665705, 352.0926619612146, 192.09266196121462, 352.0926619612146, 360.66099731852023, 200.66099731852023, 360.66099731852023, 361.1293634064005, 201.1293634064005, 361.1293634064005, 394.9067226193705, 234.9067226193705, 394.9067226193705, 406.1995742134206, 246.1995742134206, 406.1995742134206, 396.73655655834455, 236.73655655834455, 396.73655655834455, 442.34341824386706, 282.34341824386706, 442.34341824386706]
[260.4064923594706, 100.40649235947058, 260.4064923594706, 324.36998883029446, 164.36998883029446, 324.36998883029446, 321.5625821296693, 161.5625821296693, 321.5625821296693, 359.879527377107, 199.87952737710702, 359.879527377107, 353.2355561478491, 193.23555614784908, 353.2355561478491, 344.07314723452293, 184.07314723452293, 344.07314723452293, 346.4410423194408, 186.44104231944078, 346.4410423194408, 343.19937795261825, 183.19937795261825, 343.19937795261825]
[354.317674851045, 194.317674851045, 354.317674851045, 295.2602582797408, 135.2602582797408, 295.2602582797408, 297.2392455973086, 137.23924559730858, 297.2392455973086, 357.3009084006711, 197.30090840067112, 357.3009084006711, 298.0033225194823, 138.0033225194823, 298.0033225194823, 320.96333422530233, 160.96333422530233, 320.96333422530233, 252.63924354083653, 92.63924354083653, 252.63924354083653, 243.22748707444964, 83.22748707444964, 243.22748707444964]
[394.1183397360146, 234.1183397360146, 394.1183397360146, 365.5954787856899, 205.59547878568992, 365.5954787856899, 373.7217555000656, 213.72175550006563, 373.7217555000656, 369.15871803799337, 209.15871803799337, 369.15871803799337, 436.87719513814113, 276.87719513814113, 436.87719513814113, 377.29084319703003, 217.29084319703003, 377.29084319703003, 309.93460974573, 149.93460974572997, 309.93460974573, 286.37935273271694, 126.37935273271694, 286.37935273271694]
[309.17237784015015, 149.17237784015015, 309.17237784015015, 296.6388550133847, 136.63885501338473, 296.6388550133847, 353.0943917413679, 193.09439174136787, 353.0943917413679, 345.5657841710551, 185.5657841710551, 345.5657841710551, 310.92413509910557, 150.92413509910557, 310.92413509910557, 363.7857316875845, 203.78573168758447, 363.7857316875845, 288.7369315824991, 128.7369315824991, 288.7369315824991]
[382.73469606181607, 222.73469606181607, 382.73469606181607, 309.00081542902626, 149.00081542902626, 309.00081542902626, 304.1473097296592, 144.14730972965918, 304.1473097296592, 358.3336193836701, 198.3336193836701, 358.3336193836701, 332.13158897269506, 172.13158897269506, 332.13158897269506, 294.3043267005907, 134.3043267005907, 294.3043267005907, 318.69184526913443, 158.69184526913443, 318.69184526913443]
[345.81038570497185, 185.81038570497185, 345.81038570497185, 338.232511288965, 178.232511288965, 338.232511288965, 375.4144513001787, 215.4144513001787, 375.4144513001787, 409.1649875999564, 249.16498759995642, 409.1649875999564, 399.45226008306645, 239.45226008306645, 399.45226008306645, 362.46658121469665, 202.46658121469665, 362.46658121469665, 379.9638688053107, 219.9638688053107, 379.9638688053107]
[303.4828963759355, 143.48289637593552, 303.4828963759355, 281.7349396715872, 121.7349396715872, 281.7349396715872, 228.945595449768, 68.945595449768, 228.945595449768, 283.0424356809817, 123.04243568098173, 283.0424356809817, 282.56367589868, 122.56367589868, 282.56367589868, 291.7044464084389, 131.7044464084389, 291.7044464084389, 291.5827901386736, 131.5827901386736, 291.5827901386736]
[359.2459983378649, 199.24599833786488, 359.2459983378649, 375.6238726387444, 215.6238726387444, 375.6238726387444, 366.14228313585244, 206.14228313585244, 366.14228313585244, 393.59138028690387, 233.59138028690387, 393.59138028690387, 374.74386656810117, 214.74386656810117, 374.74386656810117, 337.6604504003818, 177.66045040038182, 337.6604504003818, 338.14203059794676, 178.14203059794676, 338.14203059794676]
[330.61611271928996, 170.61611271928996, 330.61611271928996, 271.27552246209234, 111.27552246209234, 271.27552246209234, 324.597232688684, 164.59723268868402, 324.597232688684, 343.7103422707878, 183.7103422707878, 343.7103422707878, 329.60835955728066, 169.60835955728066, 329.60835955728066, 356.92466140898546, 196.92466140898546, 356.92466140898546, 294.5728604186623, 134.5728604186623, 294.5728604186623]
[274.9292904289905, 114.9292904289905, 274.9292904289905, 325.2248683432117, 165.2248683432117, 325.2248683432117, 326.8417659823231, 166.84176598232312, 326.8417659823231, 353.1387129445271, 193.13871294452707, 353.1387129445271, 397.1952853885161, 237.19528538851608, 397.1952853885161, 411.969219403818, 251.969219403818, 411.969219403818, 406.9467376723322, 246.94673767233218, 406.9467376723322, 368.6755751515951, 208.67557515159513, 368.6755751515951]
[334.64343378553167, 174.64343378553167, 334.64343378553167, 308.9428105344996, 148.94281053449959, 308.9428105344996, 330.56378427078016, 170.56378427078016, 330.56378427078016, 438.5326571157202, 278.5326571157202, 438.5326571157202, 408.3625273682406, 248.3625273682406, 408.3625273682406, 433.78872525849596, 273.78872525849596, 433.78872525849596, 418.37429367206175, 258.37429367206175, 418.37429367206175, 445.11971053297935, 285.11971053297935, 445.11971053297935]
[336.6724867094308, 176.6724867094308, 336.6724867094308, 411.80765023455024, 251.80765023455024, 411.80765023455024, 410.3962869383395, 250.39628693833947, 410.3962869383395, 356.9388252403587, 196.9388252403587, 356.9388252403587, 403.8949708081782, 243.8949708081782, 403.8949708081782, 504.01403578288483, 344.01403578288483, 504.01403578288483, 470.12325048777484, 310.12325048777484, 470.12325048777484, 436.35667347330394, 276.35667347330394, 436.35667347330394]
[384.3097719748039, 224.30977197480388, 384.3097719748039, 370.1791862898972, 210.1791862898972, 370.1791862898972, 371.95239795022644, 211.95239795022644, 371.95239795022644, 375.22557821823284, 215.22557821823284, 375.22557821823284, 381.3133767049294, 221.3133767049294, 381.3133767049294, 385.3007511131, 225.30075111309998, 385.3007511131, 359.0811773715541, 199.08117737155408, 359.0811773715541, 369.6099970128853, 209.6099970128853, 369.6099970128853]
[318.391406966839, 158.39140696683899, 318.391406966839, 311.10700392480516, 151.10700392480516, 311.10700392480516, 245.25596435274892, 85.25596435274892, 245.25596435274892, 295.8274648375922, 135.82746483759217, 295.8274648375922, 243.06579349231822, 83.06579349231822, 243.06579349231822, 269.5707159436811, 109.57071594368108, 269.5707159436811, 248.50371844801833, 88.50371844801833, 248.50371844801833]
[373.7692160077859, 213.76921600778587, 373.7692160077859, 366.3309861911121, 206.33098619111212, 366.3309861911121, 292.27883111752226, 132.27883111752226, 292.27883111752226, 358.9298494876023, 198.92984948760233, 358.9298494876023, 369.5682490819987, 209.56824908199872, 369.5682490819987, 304.66326403372204, 144.66326403372204, 304.66326403372204, 315.4655649809012, 155.4655649809012, 315.4655649809012]
[384.03424664982595, 224.03424664982595, 384.03424664982595, 394.6335559024603, 234.63355590246027, 394.6335559024603, 342.6409207017297, 182.64092070172973, 342.6409207017297, 327.3654117610407, 167.36541176104072, 327.3654117610407, 339.74877343528317, 179.74877343528317, 339.74877343528317, 284.9281332119506, 124.92813321195058, 284.9281332119506, 285.56015244467676, 125.56015244467676, 285.56015244467676]
[332.0281307003461, 172.02813070034608, 332.0281307003461, 382.5711188558489, 222.5711188558489, 382.5711188558489, 398.53540734155104, 238.53540734155104, 398.53540734155104, 348.7715538730845, 188.77155387308449, 348.7715538730845, 351.56762887843945, 191.56762887843945, 351.56762887843945, 279.8881328047284, 119.8881328047284, 279.8881328047284, 304.5341561048773, 144.5341561048773, 304.5341561048773, 345.22230760544585, 185.22230760544585, 345.22230760544585, 353.18265059850955, 193.18265059850955, 353.18265059850955]
[366.20515670627356, 206.20515670627356, 366.20515670627356, 348.2839304674417, 188.28393046744168, 348.2839304674417, 396.051341611892, 236.05134161189198, 396.051341611892, 391.1712189950049, 231.1712189950049, 391.1712189950049, 473.90309049747884, 313.90309049747884, 473.90309049747884, 411.71502366662025, 251.71502366662025, 411.71502366662025, 406.1436983011663, 246.1436983011663, 406.1436983011663, 418.89975575730335, 258.89975575730335, 418.89975575730335]
[351.9967675860971, 191.99676758609712, 351.9967675860971, 390.97852535545826, 230.97852535545826, 390.97852535545826, 414.8189465144711, 254.81894651447112, 414.8189465144711, 351.62451967615743, 191.62451967615743, 351.62451967615743, 315.70309247841897, 155.70309247841897, 315.70309247841897, 368.02444883642096, 208.02444883642096, 368.02444883642096, 365.1447044408053, 205.1447044408053, 365.1447044408053]
[375.25245132041164, 215.25245132041164, 375.25245132041164, 345.69211959606037, 185.69211959606037, 345.69211959606037, 418.3120175707154, 258.3120175707154, 418.3120175707154, 342.1908581291791, 182.1908581291791, 342.1908581291791, 359.8302238387987, 199.8302238387987, 359.8302238387987, 393.7509067240171, 233.7509067240171, 393.7509067240171, 437.72293102461845, 277.72293102461845, 437.72293102461845, 433.8834900187794, 273.8834900187794, 433.8834900187794]
[273.6471957247704, 113.64719572477043, 273.6471957247704, 262.7377247155337, 102.73772471553372, 262.7377247155337, 268.51700607674235, 108.51700607674235, 268.51700607674235, 265.89251316844116, 105.89251316844116, 265.89251316844116, 281.05806484957503, 121.05806484957503, 281.05806484957503, 268.03260503747606, 108.03260503747606, 268.03260503747606, 332.2465667272859, 172.24656672728588, 332.2465667272859, 384.0684552533511, 224.0684552533511, 384.0684552533511]
[321.7363399115857, 161.73633991158567, 321.7363399115857, 370.56386436568573, 210.56386436568573, 370.56386436568573, 371.28654729834795, 211.28654729834795, 371.28654729834795, 328.0568422255112, 168.05684222551122, 328.0568422255112, 309.8557149142871, 149.8557149142871, 309.8557149142871, 262.1692483770658, 102.1692483770658, 262.1692483770658, 267.9547519114325, 107.95475191143248, 267.9547519114325, 284.96553547455176, 124.96553547455176, 284.96553547455176]
[390.67339688772336, 230.67339688772336, 390.67339688772336, 357.94352166354656, 197.94352166354656, 357.94352166354656, 368.87771129840985, 208.87771129840985, 368.87771129840985, 329.7463745123241, 169.7463745123241, 329.7463745123241, 330.5250051501207, 170.5250051501207, 330.5250051501207, 310.0493587506935, 150.0493587506935, 310.0493587506935, 329.3866035557227, 169.38660355572267, 329.3866035557227, 387.44784701787205, 227.44784701787205, 387.44784701787205]
[284.50199693557806, 124.50199693557806, 284.50199693557806, 249.78606474003755, 89.78606474003755, 249.78606474003755, 245.26728498868533, 85.26728498868533, 245.26728498868533, 275.47794924586026, 115.47794924586026, 275.47794924586026, 344.43825121156976, 184.43825121156976, 344.43825121156976, 289.31032690455345, 129.31032690455345, 289.31032690455345, 277.7182395989352, 117.71823959893521, 277.7182395989352]
[367.9285282280762, 207.92852822807617, 367.9285282280762, 405.4164098063484, 245.41640980634838, 405.4164098063484, 369.541612531757, 209.54161253175698, 369.541612531757, 360.68889165902755, 200.68889165902755, 360.68889165902755, 372.0965238372233, 212.0965238372233, 372.0965238372233, 309.8732244994335, 149.8732244994335, 309.8732244994335, 305.5632886479403, 145.56328864794028, 305.5632886479403]
[355.3252026857808, 195.32520268578082, 355.3252026857808, 344.64215926595784, 184.64215926595784, 344.64215926595784, 338.1578058167616, 178.1578058167616, 338.1578058167616, 339.88792315826527, 179.88792315826527, 339.88792315826527, 298.7161285430467, 138.7161285430467, 298.7161285430467, 356.3726692484034, 196.37266924840338, 356.3726692484034, 351.5791827789776, 191.5791827789776, 351.5791827789776]
[297.66013939632103, 137.66013939632103, 297.66013939632103, 284.4854332925752, 124.48543329257518, 284.4854332925752, 338.858597332146, 178.85859733214602, 338.858597332146, 287.83762036589906, 127.83762036589906, 287.83762036589906, 298.7934239394963, 138.79342393949628, 298.7934239394963, 287.3450231109746, 127.34502311097458, 287.3450231109746, 295.37249691329936, 135.37249691329936, 295.37249691329936]
[315.4774936917238, 155.4774936917238, 315.4774936917238, 320.140260203043, 160.140260203043, 320.140260203043, 357.8992970031686, 197.8992970031686, 357.8992970031686, 375.9063219081145, 215.90632190811448, 375.9063219081145, 385.51971278680855, 225.51971278680855, 385.51971278680855, 384.08532178090417, 224.08532178090417, 384.08532178090417, 367.7296681847188, 207.72966818471878, 367.7296681847188]
[336.66046678088605, 176.66046678088605, 336.66046678088605, 399.6879626881456, 239.6879626881456, 399.6879626881456, 392.10817871598107, 232.10817871598107, 392.10817871598107, 462.0551528723197, 302.0551528723197, 462.0551528723197, 390.2586501476378, 230.2586501476378, 390.2586501476378, 408.98140585203583, 248.98140585203583, 408.98140585203583, 343.21308608525, 183.21308608524998, 343.21308608525]
[351.00786262890324, 191.00786262890324, 351.00786262890324, 286.4760496956296, 126.47604969562963, 286.4760496956296, 330.1267715357244, 170.1267715357244, 330.1267715357244, 266.84792236890644, 106.84792236890644, 266.84792236890644, 346.0145904123783, 186.0145904123783, 346.0145904123783, 381.3100560964085, 221.31005609640852, 381.3100560964085, 345.3621023078449, 185.3621023078449, 345.3621023078449]
[270.0150352809578, 110.01503528095782, 270.0150352809578, 277.870373664191, 117.87037366419099, 277.870373664191, 319.7985184749381, 159.79851847493808, 319.7985184749381, 341.2399368554935, 181.2399368554935, 341.2399368554935, 386.6149524650923, 226.6149524650923, 386.6149524650923, 390.68485752666606, 230.68485752666606, 390.68485752666606, 343.4387880752366, 183.43878807523657, 343.4387880752366, 356.18299941598207, 196.18299941598207, 356.18299941598207, 349.28871440794813, 189.28871440794813, 349.28871440794813]
[334.26005048211664, 174.26005048211664, 334.26005048211664, 295.04813121282496, 135.04813121282496, 295.04813121282496, 372.12116777780466, 212.12116777780466, 372.12116777780466, 376.2628989445775, 216.2628989445775, 376.2628989445775, 364.90827638658436, 204.90827638658436, 364.90827638658436, 322.2256367514175, 162.22563675141748, 322.2256367514175, 326.27146912982255, 166.27146912982255, 326.27146912982255, 294.2458821589596, 134.2458821589596, 294.2458821589596]
[367.26613000035286, 207.26613000035286, 367.26613000035286, 307.00442438945174, 147.00442438945174, 307.00442438945174, 404.61556296795607, 244.61556296795607, 404.61556296795607, 385.18230844289064, 225.18230844289064, 385.18230844289064, 472.90816716849804, 312.90816716849804, 472.90816716849804, 402.19003465026617, 242.19003465026617, 402.19003465026617, 426.1338474228978, 266.1338474228978, 426.1338474228978, 404.2459413781762, 244.2459413781762, 404.2459413781762]
[369.72274597384967, 209.72274597384967, 369.72274597384967, 370.5285367683973, 210.52853676839732, 370.5285367683973, 370.4896076559089, 210.4896076559089, 370.4896076559089, 344.18275716598146, 184.18275716598146, 344.18275716598146, 419.4852668943349, 259.4852668943349, 419.4852668943349, 427.953225200763, 267.953225200763, 427.953225200763, 444.2545566870831, 284.2545566870831, 444.2545566870831, 453.25492603704333, 293.25492603704333, 453.25492603704333]
[321.7325546592474, 161.7325546592474, 321.7325546592474, 360.43899461161345, 200.43899461161345, 360.43899461161345, 322.99265523441136, 162.99265523441136, 322.99265523441136, 317.09871071157977, 157.09871071157977, 317.09871071157977, 332.0276091410972, 172.02760914109717, 332.0276091410972, 311.1341705685659, 151.13417056856588, 311.1341705685659, 273.8650701102064, 113.86507011020637, 273.8650701102064]
[388.57974420068786, 228.57974420068786, 388.57974420068786, 334.6084207785316, 174.60842077853158, 334.6084207785316, 325.9148130880203, 165.9148130880203, 325.9148130880203, 323.30323805389736, 163.30323805389736, 323.30323805389736, 294.13257481010766, 134.13257481010766, 294.13257481010766, 324.6967257366995, 164.69672573669948, 324.6967257366995, 345.8930223022266, 185.8930223022266, 345.8930223022266]
[355.9969780687243, 195.99697806872427, 355.9969780687243, 347.017750069499, 187.01775006949902, 347.017750069499, 407.4266096018255, 247.42660960182548, 407.4266096018255, 362.02159400098026, 202.02159400098026, 362.02159400098026, 364.63094965566665, 204.63094965566665, 364.63094965566665, 304.8523308337909, 144.85233083379092, 304.8523308337909, 305.67560609441864, 145.67560609441864, 305.67560609441864, 314.1253221341488, 154.1253221341488, 314.1253221341488]
[363.15006881020963, 203.15006881020963, 363.15006881020963, 350.8831451833248, 190.8831451833248, 350.8831451833248, 410.4712126031518, 250.4712126031518, 410.4712126031518, 367.3885619919747, 207.3885619919747, 367.3885619919747, 363.7111800478988, 203.71118004789878, 363.7111800478988, 295.4131839830694, 135.41318398306942, 295.4131839830694, 305.5139980500552, 145.5139980500552, 305.5139980500552, 315.01246784251066, 155.01246784251066, 315.01246784251066]
[316.01903044618666, 156.01903044618666, 316.01903044618666, 365.36900807521306, 205.36900807521306, 365.36900807521306, 359.43848210989114, 199.43848210989114, 359.43848210989114, 379.7968793522861, 219.7968793522861, 379.7968793522861, 365.13606068624625, 205.13606068624625, 365.13606068624625, 330.5494854956193, 170.5494854956193, 330.5494854956193, 342.22695624076266, 182.22695624076266, 342.22695624076266, 312.13205437821114, 152.13205437821114, 312.13205437821114, 275.01095083970506, 115.01095083970506, 275.01095083970506]
[349.3527760449797, 189.3527760449797, 349.3527760449797, 357.6916792150587, 197.69167921505868, 357.6916792150587, 360.4537243679161, 200.4537243679161, 360.4537243679161, 293.14185757225334, 133.14185757225334, 293.14185757225334, 244.89364183544316, 84.89364183544316, 244.89364183544316, 250.09173728563246, 90.09173728563246, 250.09173728563246, 258.3854938488672, 98.38549384886721, 258.3854938488672, 263.3402076647014, 103.34020766470138, 263.3402076647014]
[369.1351032489911, 209.13510324899107, 369.1351032489911, 369.20175726059824, 209.20175726059824, 369.20175726059824, 373.00011229119264, 213.00011229119264, 373.00011229119264, 382.97676978399977, 222.97676978399977, 382.97676978399977, 383.9387777648375, 223.93877776483748, 383.9387777648375, 386.02258354336885, 226.02258354336885, 386.02258354336885, 412.97813239300115, 252.97813239300115, 412.97813239300115, 378.7104633150549, 218.71046331505488, 378.7104633150549]
[307.0565543975681, 147.0565543975681, 307.0565543975681, 308.24279856402427, 148.24279856402427, 308.24279856402427, 359.88355746492743, 199.88355746492743, 359.88355746492743, 368.9145949482918, 208.91459494829178, 368.9145949482918, 350.024075405689, 190.02407540568902, 350.024075405689, 376.37178938837707, 216.37178938837707, 376.37178938837707, 374.4619614829027, 214.46196148290272, 374.4619614829027]
[371.0254860960413, 211.02548609604128, 371.0254860960413, 374.47447217661227, 214.47447217661227, 374.47447217661227, 356.6454372404578, 196.6454372404578, 356.6454372404578, 370.79003227195244, 210.79003227195244, 370.79003227195244, 367.9782416126546, 207.97824161265459, 367.9782416126546, 437.09578974893793, 277.09578974893793, 437.09578974893793, 409.3912907552217, 249.3912907552217, 409.3912907552217]
[363.45683561638, 203.45683561637998, 363.45683561638, 358.88507876837167, 198.88507876837167, 358.88507876837167, 353.1467004053898, 193.14670040538982, 353.1467004053898, 409.8521383786074, 249.85213837860738, 409.8521383786074, 402.5349362871229, 242.5349362871229, 402.5349362871229, 414.03892164408285, 254.03892164408285, 414.03892164408285, 407.8862998381901, 247.8862998381901, 407.8862998381901]
[330.86077756015584, 170.86077756015584, 330.86077756015584, 310.5924306926702, 150.59243069267018, 310.5924306926702, 400.20746732600713, 240.20746732600713, 400.20746732600713, 412.6943800691905, 252.69438006919052, 412.6943800691905, 424.4910602621207, 264.4910602621207, 424.4910602621207, 540.1481930423067, 380.14819304230673, 540.1481930423067, 454.15358702190883, 294.15358702190883, 454.15358702190883]
[326.95925170672126, 166.95925170672126, 326.95925170672126, 320.89730561644075, 160.89730561644075, 320.89730561644075, 383.27121184601816, 223.27121184601816, 383.27121184601816, 387.8858909992997, 227.8858909992997, 387.8858909992997, 387.00592649212024, 227.00592649212024, 387.00592649212024, 384.0283958012973, 224.02839580129728, 384.0283958012973, 309.8240993561903, 149.8240993561903, 309.8240993561903]
[344.67586238868535, 184.67586238868535, 344.67586238868535, 358.50639364972454, 198.50639364972454, 358.50639364972454, 313.9882662275579, 153.98826622755792, 313.9882662275579, 307.44843905176094, 147.44843905176094, 307.44843905176094, 310.4136762159514, 150.4136762159514, 310.4136762159514, 370.1326796643145, 210.13267966431448, 370.1326796643145, 312.42566754556174, 152.42566754556174, 312.42566754556174]
[318.60057384707034, 158.60057384707034, 318.60057384707034, 313.0525099701885, 153.0525099701885, 313.0525099701885, 392.9597428005575, 232.95974280055748, 392.9597428005575, 414.5397528430216, 254.53975284302157, 414.5397528430216, 444.0263822215932, 284.0263822215932, 444.0263822215932, 558.5275462999392, 398.5275462999392, 558.5275462999392, 516.600696747906, 356.600696747906, 516.600696747906]
[364.49500403366983, 204.49500403366983, 364.49500403366983, 313.19593043997884, 153.19593043997884, 313.19593043997884, 392.3150172457099, 232.3150172457099, 392.3150172457099, 419.93818935006857, 259.93818935006857, 419.93818935006857, 416.7100904509425, 256.7100904509425, 416.7100904509425, 340.53061997517943, 180.53061997517943, 340.53061997517943, 370.49141765578497, 210.49141765578497, 370.49141765578497, 354.2055720184599, 194.20557201845992, 354.2055720184599]
[385.014590441715, 225.01459044171497, 385.014590441715, 377.24110723589547, 217.24110723589547, 377.24110723589547, 368.3139408135321, 208.3139408135321, 368.3139408135321, 390.1296116434969, 230.1296116434969, 390.1296116434969, 372.79961618129164, 212.79961618129164, 372.79961618129164, 375.3966286149807, 215.39662861498073, 375.3966286149807, 432.2978866554331, 272.2978866554331, 432.2978866554331]
[305.4722188762389, 145.4722188762389, 305.4722188762389, 299.56620399751876, 139.56620399751876, 299.56620399751876, 310.55796942185174, 150.55796942185174, 310.55796942185174, 319.56972051504636, 159.56972051504636, 319.56972051504636, 319.9782318841256, 159.9782318841256, 319.9782318841256, 267.9887607266479, 107.98876072664791, 267.9887607266479, 215.19467902841657, 55.19467902841657, 215.19467902841657]
[391.4496509626042, 231.4496509626042, 391.4496509626042, 318.3656628371682, 158.3656628371682, 318.3656628371682, 357.5891306856647, 197.5891306856647, 357.5891306856647, 427.2140569061511, 267.2140569061511, 427.2140569061511, 373.8174399853117, 213.8174399853117, 373.8174399853117, 307.76834372279984, 147.76834372279984, 307.76834372279984, 317.4014383007653, 157.40143830076528, 317.4014383007653]
[361.9603159558028, 201.9603159558028, 361.9603159558028, 342.57638558746714, 182.57638558746714, 342.57638558746714, 410.2675652387344, 250.2675652387344, 410.2675652387344, 354.16703214913747, 194.16703214913747, 354.16703214913747, 412.6215161067294, 252.62151610672942, 412.6215161067294, 354.9273799414804, 194.9273799414804, 354.9273799414804, 308.5602997903314, 148.56029979033138, 308.5602997903314]
[408.8432554807514, 248.8432554807514, 408.8432554807514, 336.89213442150503, 176.89213442150503, 336.89213442150503, 318.7657489061628, 158.7657489061628, 318.7657489061628, 369.1715649543552, 209.17156495435518, 369.1715649543552, 366.7623164463762, 206.7623164463762, 366.7623164463762, 358.4208410262754, 198.4208410262754, 358.4208410262754, 378.8342933007663, 218.83429330076632, 378.8342933007663]
[331.23245179886, 171.23245179885998, 331.23245179886, 339.33526809560135, 179.33526809560135, 339.33526809560135, 344.34522319119424, 184.34522319119424, 344.34522319119424, 330.8047815458849, 170.8047815458849, 330.8047815458849, 357.7056959549662, 197.7056959549662, 357.7056959549662, 358.4362904027862, 198.4362904027862, 358.4362904027862, 352.8127019455035, 192.81270194550348, 352.8127019455035, 341.8294927801372, 181.82949278013717, 341.8294927801372]
[371.1507492419332, 211.15074924193323, 371.1507492419332, 366.2907540053129, 206.29075400531292, 366.2907540053129, 363.24806205945947, 203.24806205945947, 363.24806205945947, 310.5630064384942, 150.5630064384942, 310.5630064384942, 231.64089989864158, 71.64089989864158, 231.64089989864158, 256.30159857701165, 96.30159857701165, 256.30159857701165, 315.5690457673713, 155.56904576737128, 315.5690457673713, 311.885056028568, 151.885056028568, 311.885056028568]
[259.7637517109979, 99.7637517109979, 259.7637517109979, 329.96976687107235, 169.96976687107235, 329.96976687107235, 324.44930367184287, 164.44930367184287, 324.44930367184287, 320.5121071090757, 160.5121071090757, 320.5121071090757, 324.9690635794345, 164.96906357943448, 324.9690635794345, 267.4619398779172, 107.46193987791719, 267.4619398779172, 277.0204512613468, 117.0204512613468, 277.0204512613468, 214.7997493472625, 54.79974934726249, 214.7997493472625]
[333.2427988247946, 173.2427988247946, 333.2427988247946, 315.1529453304787, 155.1529453304787, 315.1529453304787, 329.65206739505925, 169.65206739505925, 329.65206739505925, 331.34738031597135, 171.34738031597135, 331.34738031597135, 330.54112273303633, 170.54112273303633, 330.54112273303633, 272.7269785515401, 112.72697855154013, 272.7269785515401, 328.25715051593346, 168.25715051593346, 328.25715051593346, 336.00239783463167, 176.00239783463167, 336.00239783463167]
[349.8186255991459, 189.8186255991459, 349.8186255991459, 387.48612370342016, 227.48612370342016, 387.48612370342016, 394.6684765071747, 234.66847650717472, 394.6684765071747, 351.5169076343244, 191.5169076343244, 351.5169076343244, 346.67683273722594, 186.67683273722594, 346.67683273722594, 349.7329439705542, 189.73294397055417, 349.7329439705542, 368.5654663685342, 208.5654663685342, 368.5654663685342, 360.7894532587443, 200.7894532587443, 360.7894532587443]
[309.4489230576437, 149.4489230576437, 309.4489230576437, 311.6230667801574, 151.6230667801574, 311.6230667801574, 356.3858211657498, 196.3858211657498, 356.3858211657498, 361.46023616427556, 201.46023616427556, 361.46023616427556, 405.1022050960455, 245.1022050960455, 405.1022050960455, 504.062806674402, 344.062806674402, 504.062806674402, 478.64586610426016, 318.64586610426016, 478.64586610426016, 471.82424198285264, 311.82424198285264, 471.82424198285264]
[367.7839457092341, 207.7839457092341, 367.7839457092341, 364.3741410388611, 204.37414103886113, 364.3741410388611, 430.64414141350426, 270.64414141350426, 430.64414141350426, 440.3603763191495, 280.3603763191495, 440.3603763191495, 368.32085560658965, 208.32085560658965, 368.32085560658965, 412.3007464816437, 252.30074648164373, 412.3007464816437, 380.6012953876169, 220.60129538761691, 380.6012953876169]
[337.9730624333024, 177.9730624333024, 337.9730624333024, 315.4409692739254, 155.44096927392542, 315.4409692739254, 401.5111584332904, 241.5111584332904, 401.5111584332904, 355.1593338954376, 195.1593338954376, 355.1593338954376, 446.1300310399512, 286.1300310399512, 446.1300310399512, 457.2468425985558, 297.2468425985558, 457.2468425985558, 445.2627737494314, 285.2627737494314, 445.2627737494314]
[296.1349334055558, 136.13493340555578, 296.1349334055558, 272.85930681508034, 112.85930681508034, 272.85930681508034, 348.31507745431736, 188.31507745431736, 348.31507745431736, 346.75817985320464, 186.75817985320464, 346.75817985320464, 399.62212892023865, 239.62212892023865, 399.62212892023865, 308.04266198645064, 148.04266198645064, 308.04266198645064, 338.07231370530576, 178.07231370530576, 338.07231370530576]
[328.1983199773822, 168.1983199773822, 328.1983199773822, 296.3119210343913, 136.31192103439128, 296.3119210343913, 384.50356613481074, 224.50356613481074, 384.50356613481074, 384.78958088540503, 224.78958088540503, 384.78958088540503, 390.9557586568041, 230.9557586568041, 390.9557586568041, 389.51665954058143, 229.51665954058143, 389.51665954058143, 369.93994722971934, 209.93994722971934, 369.93994722971934]
[352.9882807470858, 192.9882807470858, 352.9882807470858, 396.5288111046811, 236.5288111046811, 396.5288111046811, 389.5004334137312, 229.50043341373117, 389.5004334137312, 335.4746007916523, 175.47460079165228, 335.4746007916523, 343.7401530534959, 183.74015305349587, 343.7401530534959, 320.91252010242704, 160.91252010242704, 320.91252010242704, 342.67427337710086, 182.67427337710086, 342.67427337710086]
[348.71724668191746, 188.71724668191746, 348.71724668191746, 276.5949857258238, 116.59498572582379, 276.5949857258238, 311.34272397728637, 151.34272397728637, 311.34272397728637, 406.6612946195528, 246.6612946195528, 406.6612946195528, 379.59930499782786, 219.59930499782786, 379.59930499782786, 480.9385034092702, 320.9385034092702, 480.9385034092702, 448.1025845883414, 288.1025845883414, 448.1025845883414]
[270.3613291680813, 110.36132916808128, 270.3613291680813, 322.3754434334114, 162.37544343341142, 322.3754434334114, 347.4449041248105, 187.44490412481048, 347.4449041248105, 394.3527544566423, 234.3527544566423, 394.3527544566423, 389.2087709353445, 229.2087709353445, 389.2087709353445, 370.18556073445785, 210.18556073445785, 370.18556073445785, 386.978166450609, 226.97816645060902, 386.978166450609, 378.79522045405054, 218.79522045405054, 378.79522045405054]
[321.4075199048966, 161.40751990489662, 321.4075199048966, 343.7140176630189, 183.71401766301892, 343.7140176630189, 356.9662055501929, 196.9662055501929, 356.9662055501929, 327.4012650174239, 167.4012650174239, 327.4012650174239, 347.2283772218303, 187.22837722183033, 347.2283772218303, 383.39463389670317, 223.39463389670317, 383.39463389670317, 421.61091091028993, 261.61091091028993, 421.61091091028993, 483.3773600324364, 323.3773600324364, 483.3773600324364]
[364.8162844311446, 204.8162844311446, 364.8162844311446, 301.33963257074356, 141.33963257074356, 301.33963257074356, 354.0196299739182, 194.0196299739182, 354.0196299739182, 360.37966205738485, 200.37966205738485, 360.37966205738485, 400.8631251193583, 240.8631251193583, 400.8631251193583, 406.757791955024, 246.757791955024, 406.757791955024, 368.24236802756786, 208.24236802756786, 368.24236802756786, 351.54778758995235, 191.54778758995235, 351.54778758995235]
[394.4331260607578, 234.4331260607578, 394.4331260607578, 360.93159899814054, 200.93159899814054, 360.93159899814054, 391.1472952365875, 231.14729523658752, 391.1472952365875, 353.1609912076965, 193.1609912076965, 353.1609912076965, 381.67254192056134, 221.67254192056134, 381.67254192056134, 386.0844124574214, 226.08441245742142, 386.0844124574214, 444.4603809551336, 284.4603809551336, 444.4603809551336]
[315.55055876262486, 155.55055876262486, 315.55055876262486, 305.0837428027945, 145.08374280279452, 305.0837428027945, 311.7544503233356, 151.75445032333562, 311.7544503233356, 318.01123154629624, 158.01123154629624, 318.01123154629624, 255.3470745356212, 95.3470745356212, 255.3470745356212, 255.97598726978842, 95.97598726978842, 255.97598726978842, 256.6393750348745, 96.63937503487449, 256.6393750348745]
[341.3827041944023, 181.38270419440232, 341.3827041944023, 347.3340100306086, 187.33401003060862, 347.3340100306086, 438.28156979521737, 278.28156979521737, 438.28156979521737, 423.320312401047, 263.320312401047, 423.320312401047, 385.5601930129342, 225.56019301293418, 385.5601930129342, 342.473993886696, 182.473993886696, 342.473993886696, 382.68224422341564, 222.68224422341564, 382.68224422341564]
[344.5846273144707, 184.5846273144707, 344.5846273144707, 394.6171297435649, 234.61712974356487, 394.6171297435649, 349.16937478818, 189.16937478818, 349.16937478818, 296.862164856866, 136.862164856866, 296.862164856866, 286.2285842374188, 126.22858423741877, 286.2285842374188, 282.7158557105107, 122.71585571051071, 282.7158557105107, 292.0610704779706, 132.0610704779706, 292.0610704779706, 310.9016282107479, 150.9016282107479, 310.9016282107479]
[355.1555263996124, 195.15552639961243, 355.1555263996124, 355.00044168081865, 195.00044168081865, 355.00044168081865, 298.03566586334017, 138.03566586334017, 298.03566586334017, 305.7341820782675, 145.7341820782675, 305.7341820782675, 316.58361763139527, 156.58361763139527, 316.58361763139527, 339.5686445258749, 179.5686445258749, 339.5686445258749, 280.053239374079, 120.053239374079, 280.053239374079, 330.3606146897741, 170.36061468977408, 330.3606146897741]
[363.68934402242303, 203.68934402242303, 363.68934402242303, 357.3223263221028, 197.3223263221028, 357.3223263221028, 363.0674455977449, 203.0674455977449, 363.0674455977449, 352.3383576619439, 192.33835766194392, 352.3383576619439, 427.97776632120025, 267.97776632120025, 427.97776632120025, 406.7139083902349, 246.7139083902349, 406.7139083902349, 403.1028406145867, 243.10284061458668, 403.1028406145867, 481.07953080083917, 321.07953080083917, 481.07953080083917]
[371.0166871594265, 211.0166871594265, 371.0166871594265, 350.50017241706377, 190.50017241706377, 350.50017241706377, 366.76155505475185, 206.76155505475185, 366.76155505475185, 369.12930270315786, 209.12930270315786, 369.12930270315786, 298.10900798875326, 138.10900798875326, 298.10900798875326, 300.6563018413287, 140.65630184132868, 300.6563018413287, 308.45988674325827, 148.45988674325827, 308.45988674325827, 367.43425104308096, 207.43425104308096, 367.43425104308096]
[272.76796316727996, 112.76796316727996, 272.76796316727996, 320.00338772893883, 160.00338772893883, 320.00338772893883, 319.944908650856, 159.944908650856, 319.944908650856, 321.7232282687937, 161.72322826879372, 321.7232282687937, 329.0363208168361, 169.0363208168361, 329.0363208168361, 318.3830904547028, 158.38309045470282, 318.3830904547028, 337.5176639543287, 177.51766395432873, 337.5176639543287, 325.90173027800677, 165.90173027800677, 325.90173027800677, 249.60179011190252, 89.60179011190252, 249.60179011190252]
[314.3806786870118, 154.38067868701182, 314.3806786870118, 379.94131159503013, 219.94131159503013, 379.94131159503013, 362.48342124588885, 202.48342124588885, 362.48342124588885, 444.79878634414075, 284.79878634414075, 444.79878634414075, 381.18457615806295, 221.18457615806295, 381.18457615806295, 370.7883062023625, 210.7883062023625, 370.7883062023625, 386.44760598860745, 226.44760598860745, 386.44760598860745, 389.01867791162636, 229.01867791162636, 389.01867791162636]
[341.21255764737725, 181.21255764737725, 341.21255764737725, 384.06356716528535, 224.06356716528535, 384.06356716528535, 360.09607046842575, 200.09607046842575, 360.09607046842575, 350.77862438745797, 190.77862438745797, 350.77862438745797, 351.4079059680743, 191.40790596807432, 351.4079059680743, 307.87963710938453, 147.87963710938453, 307.87963710938453, 241.003609068837, 81.003609068837, 241.003609068837, 252.46319816662876, 92.46319816662876, 252.46319816662876]
[372.40994263323955, 212.40994263323955, 372.40994263323955, 341.4280298515223, 181.4280298515223, 341.4280298515223, 395.15924852341413, 235.15924852341413, 395.15924852341413, 354.80560536612757, 194.80560536612757, 354.80560536612757, 377.8290772775685, 217.8290772775685, 377.8290772775685, 386.2281893051194, 226.22818930511937, 386.2281893051194, 390.08026082628913, 230.08026082628913, 390.08026082628913, 325.22790323965705, 165.22790323965705, 325.22790323965705]
[374.1750245448202, 214.1750245448202, 374.1750245448202, 352.8463178151287, 192.8463178151287, 352.8463178151287, 354.4946350855753, 194.49463508557528, 354.4946350855753, 371.3591138436459, 211.3591138436459, 371.3591138436459, 366.4315406757055, 206.4315406757055, 366.4315406757055, 347.1672089723976, 187.1672089723976, 347.1672089723976, 374.0165609176143, 214.0165609176143, 374.0165609176143]
[358.42352599836886, 198.42352599836886, 358.42352599836886, 392.3069618832152, 232.3069618832152, 392.3069618832152, 384.3443630557432, 224.3443630557432, 384.3443630557432, 416.8650809810955, 256.8650809810955, 416.8650809810955, 356.2820594134856, 196.28205941348563, 356.2820594134856, 376.7623808563498, 216.7623808563498, 376.7623808563498, 414.8315273248171, 254.8315273248171, 414.8315273248171]
[349.58211636869237, 189.58211636869237, 349.58211636869237, 346.7781153624079, 186.7781153624079, 346.7781153624079, 381.2141667865341, 221.21416678653412, 381.2141667865341, 385.05618978060176, 225.05618978060176, 385.05618978060176, 462.69265343436456, 302.69265343436456, 462.69265343436456, 454.59738603794403, 294.59738603794403, 454.59738603794403, 459.4465466449171, 299.4465466449171, 459.4465466449171]
[273.74670955585316, 113.74670955585316, 273.74670955585316, 280.1253536187922, 120.12535361879219, 280.1253536187922, 299.6376400749903, 139.63764007499032, 299.6376400749903, 289.4765681190388, 129.4765681190388, 289.4765681190388, 300.31044590975307, 140.31044590975307, 300.31044590975307, 282.1232624188071, 122.12326241880709, 282.1232624188071]
[326.33779239375144, 166.33779239375144, 326.33779239375144, 293.1146719954065, 133.11467199540652, 293.1146719954065, 373.5250442678098, 213.5250442678098, 373.5250442678098, 386.28289185507595, 226.28289185507595, 386.28289185507595, 325.0618516867968, 165.06185168679679, 325.0618516867968, 334.22064816618695, 174.22064816618695, 334.22064816618695, 354.67516488924076, 194.67516488924076, 354.67516488924076]
[361.17322004400194, 201.17322004400194, 361.17322004400194, 369.043407248931, 209.04340724893098, 369.043407248931, 373.7005024101595, 213.70050241015952, 373.7005024101595, 381.10985916637736, 221.10985916637736, 381.10985916637736, 331.8688362341404, 171.86883623414042, 331.8688362341404, 316.894864758019, 156.89486475801903, 316.894864758019, 316.76261238013717, 156.76261238013717, 316.76261238013717]
[248.78657635184936, 88.78657635184936, 248.78657635184936, 264.1131927643437, 104.1131927643437, 264.1131927643437, 328.5984585906242, 168.5984585906242, 328.5984585906242, 306.3272030969546, 146.32720309695458, 306.3272030969546, 375.0714474032133, 215.0714474032133, 375.0714474032133, 355.8061017629496, 195.8061017629496, 355.8061017629496, 376.3104866914358, 216.3104866914358, 376.3104866914358, 398.3371629182738, 238.3371629182738, 398.3371629182738, 383.9546646098317]
[308.9325150370132, 148.93251503701322, 308.9325150370132, 274.2907501826994, 114.29075018269941, 274.2907501826994, 283.05511411861517, 123.05511411861517, 283.05511411861517, 383.717732403893, 223.71773240389302, 383.717732403893, 364.0904388490403, 204.0904388490403, 364.0904388490403, 390.23538559802927, 230.23538559802927, 390.23538559802927, 367.6482630633436, 207.64826306334362, 367.6482630633436, 398.28472416411995, 238.28472416411995, 398.28472416411995]
[360.757192755118, 200.757192755118, 360.757192755118, 345.530759235844, 185.53075923584402, 345.530759235844, 407.73120176047087, 247.73120176047087, 407.73120176047087, 348.6681568156928, 188.66815681569278, 348.6681568156928, 362.22820358350873, 202.22820358350873, 362.22820358350873, 353.414348019287, 193.414348019287, 353.414348019287, 368.8805780559778, 208.88057805597782, 368.8805780559778, 361.9338423665613, 201.9338423665613, 361.9338423665613]
[371.2143485667184, 211.2143485667184, 371.2143485667184, 357.6300617924426, 197.63006179244258, 357.6300617924426, 371.13275775453076, 211.13275775453076, 371.13275775453076, 360.09367828955874, 200.09367828955874, 360.09367828955874, 391.57611671835184, 231.57611671835184, 391.57611671835184, 411.3794897904154, 251.3794897904154, 411.3794897904154, 426.599544796627, 266.599544796627, 426.599544796627, 406.54201471828856, 246.54201471828856, 406.54201471828856]
