[18.574687460437417, 0.7576149497181177, 0.6711478531360626, 0.7554645445197821, 0.7429490154609084, 0.7338113086298108, 0.7268645772710443, 0.7226643683388829, 0.7615962233394384, 0.7441119980067015, 0.7491123909130692, 0.7170437145978212, 0.7523551434278488, 0.7053246470168233, 0.7138652941212058, 0.7323023732751608, 0.7029743548482656]
[18.32935769855976, 0.7905083568766713, 0.7776748482137918, 0.7603823477402329, 0.7272396292537451, 0.6721957558766007, 0.7111972626298666, 0.7055950220674276, 0.7136284140869975, 0.8010875536128879, 0.731874487362802, 0.7199611198157072, 0.6836851360276341, 0.7104809861630201, 0.6514102295041084, 0.6335980053991079, 0.7049856977537274, 0.6997471274808049]
[16.288202670402825, 0.7689157798886299, 0.7635826570913196, 0.7614906560629606, 0.9026158982887864, 0.7930846717208624, 0.8568235458806157, 0.751731663942337, 0.7322081541642547, 0.7131616827100515, 0.7768710041418672, 0.6995128998532891, 0.7029819637537003, 0.7605522405356169, 0.6805888786911964, 0.7146204048767686, 0.6993093816563487, 0.7405250482261181]
[18.675390413030982, 0.8280275100842118, 0.8074839813634753, 0.7931547183543444, 0.7935095643624663, 0.7603697190061212, 0.7472334066405892, 0.8090465515851974, 0.7689712671563029, 0.7983732027933002, 0.83291678968817, 0.7253633262589574, 0.7167844213545322, 0.8119968641549349, 0.6929842010140419, 0.7157843112945557, 0.7430766019970179, 0.7215467849746346]
[18.43998832255602, 0.6326835071668029, 0.6337679727002978, 0.6886567417532206, 0.873462688177824, 0.7148220911622047, 0.7397435056045651, 0.7718892842531204, 0.771855965256691, 0.6820359798148274, 0.7992289680987597, 0.6955488175153732, 0.6476697428151965, 0.7165625765919685, 0.7372523238882422, 0.6834370484575629, 0.7177982833236456, 0.7097915718331933]
[18.851318953558803, 0.7847507344558835, 0.7480206219479442, 0.7783865528181195, 0.7376309465616941, 0.7382673257961869, 0.743112763389945, 0.8245818885043263, 0.7592921014875174, 0.7105735372751951, 0.710455191321671, 0.6942250244319439, 0.7083766153082252, 0.7832005377858877, 0.7217371249571443, 0.8386875921860337, 0.817420438863337]
[18.164932218380272, 0.6956780767068267, 0.7131626065820456, 0.687431912869215, 0.7360995290800929, 0.7185277612879872, 0.6341372104361653, 0.6910703722387552, 0.7559780701994896, 0.6758670229464769, 0.6986635522916913, 0.653156946413219, 0.6855803960934281, 0.8156093712896109, 0.7380843246355653, 0.7148246243596077, 0.6971699763089418]
[18.654056472703815, 0.825165924616158, 0.8220131518319249, 0.7653862684965134, 0.7927849860861897, 0.7318489849567413, 0.7121963640674949, 0.815871762111783, 0.7293172692880034, 0.8236227240413427, 0.7697442779317498, 0.68995710182935, 0.7290633441880345, 0.6323140366002917, 0.6131136491894722, 0.7122744331136346]
[19.743907378986478, 0.8696137545630336, 0.802971538156271, 0.7242140229791403, 0.7991231800988317, 0.7361386520788074, 0.8113440489396453, 0.7569027915596962, 0.7231518551707268, 0.6960132559761405, 0.7359588071703911, 0.6817383151501417, 0.7151177739724517, 0.7614966565743089, 0.7756242798641324, 0.6708406237885356, 0.700842659920454, 0.6585094667971134]
[19.703736242838204, 0.8082934422418475, 0.7393959136679769, 0.7420087438076735, 0.773081754334271, 0.7128403782844543, 0.7190264575183392, 0.8098381403833628, 0.901530965231359, 0.7666537929326296, 0.8149555185809731, 0.6758193057030439, 0.7521776603534818, 0.7688655238598585, 0.7192848045378923, 0.6789819458499551, 0.6675390414893627, 0.6883255969733]
[14.653071566484869, 2.7934606475755572, 0.6873493427410722, 0.8237375635653734, 0.6905791247263551, 0.7846805425360799, 0.7212283620610833, 0.7530702669173479, 0.8414908433333039, 0.689367238432169, 0.6795488055795431, 0.8239088384434581, 0.7191539192572236, 0.694638704881072, 0.938136869110167, 0.698989006690681, 0.6687763025984168, 0.6888464763760567]
[18.350851325318217, 0.8059451263397932, 0.77249685395509, 0.7367222113534808, 0.7725932067260146, 0.8166252830997109, 0.805558861233294, 0.807996897958219, 0.7002578191459179, 0.7238017059862614, 0.8383697113022208, 0.685751173645258, 0.7101498721167445, 0.7143237739801407, 0.7496363027021289, 0.7360983276739717, 0.6535564130172133, 0.7225512443110347]
[19.15559509024024, 0.7287071095779538, 0.6892824536189437, 0.6594718880951405, 0.7482094243168831, 0.6679207757115364, 0.7036219909787178, 0.8046762924641371, 0.6746400455012918, 0.6864214828237891, 0.8379953419789672, 0.6559481890872121, 0.7279833247885108, 0.7042520232498646, 0.7769557740539312, 0.6418185131624341, 0.6799367694184184, 0.713923828676343]
[19.724878947250545, 0.7862879382446408, 0.7834751382470131, 0.6904668854549527, 0.7443661037832499, 0.8790194932371378, 0.7006262075155973, 0.7032410446554422, 0.6546893287450075, 0.6576422285288572, 0.7349104080349207, 0.6257342640310526, 0.6783802472054958, 0.7381527926772833, 0.6849362226203084, 0.6283913906663656, 0.7033936455845833, 0.6456106128171086]
[18.262590473517776, 0.7159766079857945, 0.6825466742739081, 0.7395155783742666, 0.7550277225673199, 0.691042909398675, 0.6539564412087202, 0.7587466230615973, 0.7392786853015423, 0.7439752286300063, 0.736803843639791, 0.6728296782821417, 0.6367603400722146, 0.6961946384981275, 0.6590229356661439, 0.7552835820242763, 0.6561044892296195]
[18.794713174924254, 0.7792887520045042, 0.6702782027423382, 0.6192937046289444, 0.7872049314901233, 0.7769051138311625, 0.7315604835748672, 0.7389381201937795, 0.6859714025631547, 0.7174864113330841, 0.7256564358249307, 0.7528250673785806, 0.6197414407506585, 0.7609692523255944, 0.671798586845398, 0.6278594313189387, 0.7355298520997167, 0.6840697843581438]
[19.747531264089048, 0.8006495581939816, 0.7627760963514447, 0.7441877098754048, 0.7821116335690022, 0.7312838537618518, 0.6818948723375797, 0.7590998718515038, 0.7933274395763874, 0.7717326292768121, 0.764846958220005, 0.6682014595717192, 0.6850626431405544, 0.7421069648116827, 0.7364065526053309, 0.7107040956616402, 0.7364971619099379, 0.7640640251338482]
[19.190957847982645, 0.8780082352459431, 0.7424579169601202, 0.7134661972522736, 0.8273947071284056, 0.7616761019453406, 0.7601252216845751, 0.8522388599812984, 0.7852698042988777, 0.6952103758230805, 0.7848763884976506, 0.7478198017925024, 0.7663393169641495, 0.7831999007612467, 0.7572137881070375, 0.7216096837073565, 0.7438687765970826, 0.6628543268889189]
[19.631729716435075, 0.8367220927029848, 0.7113159708678722, 0.7433916619047523, 0.8284525824710727, 0.8596743689849973, 0.8571966104209423, 0.7672710260376334, 0.7074105031788349, 0.7501812428236008, 0.7440274842083454, 0.7429545801132917, 0.817318856716156, 0.6658556638285518, 0.7109179282560945, 0.7199608525261283, 0.6619153125211596, 0.6746183028444648]
[14.26248040329665, 2.984112771227956, 0.8164242766797543, 0.7592925680801272, 0.7727217664942145, 0.8301823260262609, 0.7234794553369284, 0.671285486780107, 0.7955950452014804, 0.7814486837014556, 0.7354002604261041, 0.8584722094237804, 0.7870959546416998, 0.7377754552289844, 0.7991734966635704, 0.7852928712964058, 0.6740767592564225, 0.7302890028804541]
[19.094009708613157, 0.8533529592677951, 0.6999205136671662, 0.6922978507354856, 0.7847465313971043, 0.692697323858738, 0.7698694998398423, 0.7186118979007006, 0.7726103346794844, 0.7278044577687979, 0.7493743691593409, 0.7164592035114765, 0.7309578042477369, 0.7882704474031925, 0.7553692338988185, 0.7055959291756153, 0.7663877522572875, 0.7056802613660693]
[18.787583597004414, 0.8420312246307731, 0.7233157092705369, 0.7508028727024794, 0.8412846801802516, 0.8689773920923471, 0.894387855194509, 0.8716448033228517, 0.854113363660872, 0.8275209004059434, 0.7264610873535275, 0.7814089972525835, 0.6672530686482787, 0.8505612732842565, 0.7595234531909227, 0.7878208216279745, 0.7956497306004167, 0.7382288835942745]
[18.767057585529983, 0.8012489210814238, 0.7675258768722415, 0.7110935831442475, 0.8396134600043297, 0.822713578119874, 0.8285708241164684, 0.8054379541426897, 0.7242588568478823, 0.7411651164293289, 0.7739307936280966, 0.7868717247620225, 0.7846207860857248, 0.7991806576028466, 0.6833556955680251, 0.6621830426156521, 0.8445009784772992]
[18.09969730116427, 0.7425350984558463, 0.8393865115940571, 0.8286790885031223, 0.7751523861661553, 0.7379356296733022, 0.8087989035993814, 0.7572868447750807, 0.7594202859327197, 0.7630443926900625, 0.8566505964845419, 0.7521146554499865, 0.7584047615528107, 0.817468841560185, 0.7287976555526257, 0.7650981787592173, 0.7551360744982958, 0.6923344051465392]
[19.795776114799082, 0.7151056723669171, 0.7567377975210547, 0.7627402991056442, 0.7813652977347374, 0.7451834846287966, 0.7135512745007873, 0.8240575287491083, 0.7470076391473413, 0.751270828768611, 0.7389128040522337, 0.6531516555696726, 0.692596361041069, 0.826822929084301, 0.6580965192988515, 0.7102716080844402, 0.8109835730865598, 0.6908702040091157]
[19.51601700950414, 0.6614666888490319, 0.6700071720406413, 0.7154672592878342, 0.7290086587890983, 0.6375259319320321, 0.7263387655839324, 0.6633709724992514, 0.7733828639611602, 0.7235210910439491, 0.7234618980437517, 0.7446864321827888, 0.792457040399313, 0.7406665189191699, 0.7365030031651258, 0.7055439641699195, 0.6711348062381148, 0.666409500874579]
[17.751581620424986, 0.7098811101168394, 0.6848479909822345, 0.6716604316607118, 0.8167854845523834, 0.7132333433255553, 0.68639877717942, 0.725616511888802, 0.729918485507369, 0.797407521866262, 0.8001446425914764, 0.694872822612524, 0.7558267582207918, 0.7527486886829138, 0.7293325867503881, 0.7970924852415919, 0.7386484686285257, 0.7057272056117654]
[18.760406378656626, 0.7153549622744322, 0.7399325743317604, 0.6892653629183769, 0.700798287987709, 0.6564644053578377, 0.8335303878411651, 0.7017553206533194, 0.7242584656924009, 0.7415983881801367, 0.7842899234965444, 0.6890447270125151, 0.7266358472406864, 0.769957572221756, 0.6857750061899424, 0.7283202921971679, 0.6982719916850328, 0.7253502048552036]
[18.778419200330973, 0.7714960547164083, 0.8211570298299193, 0.7167664114385843, 0.7339309900999069, 0.7692475141957402, 0.6727098701521754, 0.7845698781311512, 0.7124557783827186, 0.7590226540341973, 0.8247324638068676, 0.7316410709172487, 0.754171309992671, 0.6937452545389533, 0.6836155103519559, 0.7861164892092347, 0.6949208844453096]
[19.35258896742016, 0.7337027359753847, 0.6702910335734487, 0.7855697805061936, 0.7678915467113256, 0.7372033540159464, 0.844854143448174, 0.7455031387507915, 0.7228067712858319, 0.689663814380765, 0.8822983428835869, 0.7533359862864017, 0.7099458677694201, 0.7636457188054919, 0.7070670360699296, 0.6845741104334593, 0.7991894399747252, 0.6787858922034502]
[18.491976607590914, 0.917731411755085, 0.8529294515028596, 0.8379400754347444, 0.8618008950725198, 0.696426872164011, 0.7987436689436436, 0.8383358074352145, 0.7586452988907695, 0.7826647786423564, 0.8940937565639615, 0.8442557044327259, 0.8211614405736327, 0.7722757859155536, 0.7623876631259918, 0.7054539835080504, 0.7758893482387066, 0.7270772578194737]
[18.581381645984948, 0.7720866063609719, 0.619652814231813, 0.6989042749628425, 0.780142723582685, 0.7022458156570792, 0.6856124801561236, 0.7593553494662046, 0.7800727132707834, 0.8006332237273455, 0.8128970535472035, 0.7452672459185123, 0.6362029882147908, 0.830739326775074, 0.858080948702991, 0.8008762123063207, 0.8046059524640441, 0.778547597117722]
[18.61537351924926, 0.7624099189415574, 0.8108175350353122, 0.818489265628159, 0.680561538785696, 0.827669870108366, 0.6924522211775184, 0.7976541146636009, 0.6861799918115139, 0.7044376507401466, 0.7102566314861178, 0.7695108987390995, 0.7721986109390855, 0.6602261019870639, 0.668390809558332, 0.6903626918792725, 0.8546068174764514, 0.7679252298548818]
[19.066547829657793, 0.7615873273462057, 0.6805595308542252, 0.7060426101088524, 0.8147521624341607, 0.6513270372524858, 0.7449481943622231, 0.7028906308114529, 0.6511383093893528, 0.7517463099211454, 0.7836353676393628, 0.6606853399425745, 0.6850777138024569, 0.7404480967670679, 0.7658571805804968, 0.7683947095647454]
[17.76093374658376, 0.8553015785291791, 0.7059114836156368, 0.6769968587905169, 0.8433079030364752, 0.723647641018033, 0.6940949093550444, 0.7684112749993801, 0.7572072828188539, 0.7166120652109385, 0.7414648551493883, 0.7802763124927878, 0.6343474434688687, 0.7703556716442108, 0.6947692176327109, 0.7429653815925121, 0.6654257802292705]
[18.729272204451263, 0.8161639496684074, 0.7095288056880236, 0.6826478280127048, 0.7565070325508714, 0.7417241279035807, 0.7728981506079435, 0.8190313195809722, 0.7754829749464989, 0.7221635654568672, 0.8399733612313867, 0.8147652465850115, 0.874589653685689, 0.8792257383465767, 0.8131635515019298, 0.7476145355030894, 0.8021762436255813, 0.7037150310352445]
[19.72071331180632, 0.8029987532645464, 0.6697724768891931, 0.7022656435146928, 0.8267926806584001, 0.7311478508636355, 0.7270722230896354, 0.7722205426543951, 0.7837386429309845, 0.6824899958446622, 0.7448094068095088, 0.7548995474353433, 0.652390462346375, 0.7554822852835059, 0.6834271680563688, 0.7248046537861228, 0.7282727025449276, 0.725974372588098]
[18.864135566167533, 0.7823401782661676, 0.7714422540739179, 0.7315472876653075, 0.8330172123387456, 0.7743445532396436, 0.7831285139545798, 0.7225929396227002, 0.6365514220669866, 0.7536591328680515, 0.7278099516406655, 0.7150545036420226, 0.6638788767158985, 0.7651932714506984, 0.6674662977457047, 0.7071359269320965, 0.7336801066994667]
[19.152556219138205, 0.7594051258638501, 0.7236480917781591, 0.6497416337952018, 0.7929739197716117, 0.7939734905958176, 0.7758288029581308, 0.7861240599304438, 0.6950095621868968, 0.6627440452575684, 0.7359337583184242, 0.7306855218484998, 0.6574039030820131, 0.7890305165201426, 0.6711985040456057, 0.6697470908984542, 0.6748378109186888]
[19.298119668848813, 0.684994226321578, 0.65719785541296, 0.7665061112493277, 0.7254036366939545, 0.7033316437155008, 0.7267358601093292, 0.7119239652529359, 0.650854024104774, 0.6824292223900557, 0.7169122081249952, 0.7612537555396557, 0.6536242105066776, 0.7405423708260059, 0.7183888396248221]
[18.5021769432351, 0.6823026975616813, 0.7335251467302442, 0.6788171268999577, 0.7083385968580842, 0.8090657219290733, 0.7577544236555696, 0.7554650167003274, 0.6821488672867417, 0.7534567154943943, 0.7537289103493094, 0.7459761630743742, 0.6731152627617121, 0.8304616417735815, 0.7646506559103727]
[18.703507078811526, 0.6951144598424435, 0.8369964975863695, 0.8255271185189486, 0.7163161775097251, 0.6671295296400785, 0.7323191976174712, 0.8100193291902542, 0.7154619097709656, 0.7050608666613698, 0.7204707665368915, 0.7914290027692914, 0.6275262385606766, 0.732998869381845, 0.7026366023346782]
[16.497220582328737, 0.8075472759082913, 0.747710975818336, 0.757152340374887, 0.8390662018209696, 0.8161368928849697, 0.7038481654599309, 0.7562143905088305, 0.8029131647199392, 0.789156754501164, 0.7907507810741663, 0.7289275284856558, 0.6818107459694147, 0.7845862545073032, 0.707370838150382, 0.7393754348158836, 0.7770401230081916, 0.7135117622092366]
[14.570673823356628, 2.5692463302984834, 0.8397132363170385, 0.8118688119575381, 0.7828651061281562, 0.8749354258179665, 0.8824376286938787, 0.8716912027448416, 0.8481383947655559, 0.6695017851889133, 0.7291540345177054, 0.8166511692106724, 0.7664302531629801, 0.7461188221350312, 0.8472400112077594, 0.8931803880259395, 0.8294481923803687, 0.8655187096446753]
[20.038486884906888, 0.8178329132497311, 0.802653968334198, 0.7894783997908235, 0.7850658679381013, 0.7476893365383148, 0.6990576907992363, 0.8628713926300406, 0.7634836928918958, 0.7569611333310604, 0.8955991296097636, 0.7597260102629662, 0.7186274724081159, 0.8465645862743258, 0.6955565875396132, 0.8328212443739176, 0.8431631857529283, 0.7259952109307051]
[14.113999695517123, 2.6468252316117287, 0.7309112064540386, 0.7066671559587121, 0.7325771562755108, 0.722381342202425, 0.7350260661914945, 0.7781468452885747, 0.8153509702533484, 0.7007944937795401, 0.702512701973319, 0.8611828023567796, 0.7607566425576806, 0.7302359845489264, 0.8288981700316072, 0.7437088135629892, 0.7539223162457347, 0.7100531263276935]
[19.642535544000566, 0.7058597011491656, 0.6945911264047027, 0.7675077086314559, 0.8047141693532467, 0.7072500763460994, 0.75752795021981, 0.7685822825878859, 0.7138807838782668, 0.7417226005345583, 0.8401091573759913, 0.78023536875844, 0.7043339041993022, 0.7317762188613415, 0.7102958420291543, 0.7365126647055149, 0.7395482882857323, 0.6750021642073989]
[19.09071055147797, 0.7565887775272131, 0.6749030770733953, 0.7149414531886578, 0.73363505769521, 0.6545326849445701, 0.8215430164709687, 0.7278822837397456, 0.7128315092995763, 0.8038365319371223, 0.7859676843509078, 0.7486089989542961, 0.7162481006234884, 0.7501325337216258, 0.7162369694560766, 0.7972057834267616, 0.7013552049174905, 0.7374810483306646]
[19.3294698856771, 0.7282532015815377, 0.7524455012753606, 0.7736813183873892, 0.7411820227280259, 0.6452846089377999, 0.6787742115557194, 0.776917246170342, 0.6855883887037635, 0.7282093288376927, 0.7230934118852019, 0.7329182215034962, 0.7443177551031113, 0.680381691083312, 0.76702238060534, 0.7606974067166448, 0.6713836751878262, 0.7882825927808881]
[18.671604560688138, 0.7225643815472722, 0.7699628006666899, 0.6311480980366468, 0.7361824018880725, 0.6609196057543159, 0.800266807898879, 0.7603953769430518, 0.7319304961711168, 0.7155538834631443, 0.782422237098217, 0.710345234721899, 0.7706238869577646, 0.6667930502444506, 0.7067067110911012, 0.6932641137391329]
[18.936847447417676, 0.7093143109232187, 0.7717394316568971, 0.6982272956520319, 0.7932980358600616, 0.8391078589484096, 0.7897259723395109, 0.751697139814496, 0.7070537582039833, 0.7636482305824757, 0.7343042008578777, 0.7404305320233107, 0.7791779944673181, 0.7329254392534494, 0.8071230668574572, 0.7438301695510745, 0.8593487767502666, 0.7464396599680185]
[18.309000737033784, 0.8002765160053968, 0.6993671683594584, 0.7298583770170808, 0.7784853652119637, 0.8442766973748803, 0.815082429908216, 0.8062117844820023, 0.7108766948804259, 0.8431521477177739, 0.7476837392896414, 0.7246070643886924, 0.7681717462837696, 0.7741130720824003, 0.6733388854190707, 0.6994433039799333, 0.791083668358624, 0.7863778229802847]
[20.02939688693732, 0.7683791294693947, 0.7103291032835841, 0.6513280747458339, 0.7599358046427369, 0.7417974174022675, 0.7669636504724622, 0.6996538657695055, 0.6937216641381383, 0.6742765167728066, 0.7986581288278103, 0.7895043017342687, 0.7217108439654112, 0.7515272991731763, 0.6770036406815052, 0.6421749014407396, 0.7957289693877101, 0.6460305415093899]
[18.983021272346377, 0.7545250793918967, 0.6902528805658221, 0.7323074210435152, 0.8852749783545732, 0.7369977720081806, 0.646776388399303, 0.808853393420577, 0.7685364950448275, 0.715859767049551, 0.7977844318374991, 0.664070219732821, 0.701384830288589, 0.683522223494947, 0.7001955546438694, 0.6551565993577242, 0.8001143550500274, 0.7204331653192639]
[19.546167951077223, 0.7620464228093624, 0.7054098239168525, 0.7089340258389711, 0.7542729405686259, 0.7722697164863348, 0.7562221828848124, 0.8580615473911166, 0.7471005599945784, 0.6799789750948548, 0.8047531908378005, 0.7262188326567411, 0.7445451421663165, 0.8128457851707935, 0.7310637254267931, 0.7221187492832541, 0.7057855762541294]
[18.629141619428992, 0.7516030604019761, 0.6905989684164524, 0.6197754284366965, 0.7497614054009318, 0.6775428997352719, 0.6630700835958123, 0.7756393114104867, 0.6979654105380177, 0.6285944888368249, 0.7998356213793159, 0.712501659989357, 0.715834847651422, 0.6729327216744423, 0.730520399287343, 0.7850592788308859, 0.6702328091487288]
[19.28880849480629, 0.7590928999707103, 0.7662030113860965, 0.6680744290351868, 0.7538505978882313, 0.7265799017623067, 0.6916592679917812, 0.7669889153912663, 0.6971072163432837, 0.7884359862655401, 0.7952564368024468, 0.7485199673101306, 0.7998578594997525, 0.7216613916680217, 0.8045158078894019, 0.6871449565514922]
[19.351990181021392, 0.7577735213562846, 0.8060428313910961, 0.777418508194387, 0.8230455545708537, 0.8475974472239614, 0.797125599347055, 0.7842835653573275, 0.7639981703832746, 0.78158706612885, 0.7263669250532985, 0.7660991419106722, 0.822186790406704, 0.7237424561753869, 0.6470670728012919, 0.8200191045179963, 0.8000327637419105]
[19.538558311760426, 0.7723692608997226, 0.7757131680846214, 0.7328868992626667, 0.7380065768957138, 0.7605763049796224, 0.746376272290945, 0.7604694236069918, 0.8040654715150595, 0.7491606855764985, 0.7628871519118547, 0.6746266400441527, 0.6996381590142846, 0.747029441408813, 0.8398084510117769, 0.747578714042902, 0.689569940790534, 0.6838932987302542]
[18.18805005401373, 0.7713019214570522, 0.7029484510421753, 0.7036808906123042, 0.7863340172916651, 0.6666989279910922, 0.7266767453402281, 0.7488311594352126, 0.6620235648006201, 0.7145073730498552, 0.7972892122343183, 0.7482004929333925, 0.6237199455499649, 0.8770633991807699, 0.7516061523929238, 0.7326642340049148, 0.8401141790673137, 0.7316108886152506]
[19.60255414340645, 0.7641801163554192, 0.711930581368506, 0.7975351475179195, 0.7973868520930409, 0.7518590670078993, 0.6538857566192746, 0.7975658979266882, 0.7226656144484878, 0.7006064960733056, 0.7560966443270445, 0.6661782320588827, 0.7982137212529778, 0.6736844973638654, 0.6114983456209302, 0.68554094620049, 0.7730750665068626, 0.7699088267982006]
[18.493020105175674, 0.7479299735277891, 0.7249604631215334, 0.6517967199906707, 0.8338352618739009, 0.7505544191226363, 0.7297111107036471, 0.9125930862501264, 0.8257080735638738, 0.6986581394448876, 0.7679951228201389, 0.7068894226104021, 0.7347330274060369, 0.759452098980546, 0.740739842876792, 0.7524389792233706, 0.7432332504540682]
[17.542339495383203, 0.8324432279914618, 0.7927505811676383, 0.7644139919430017, 0.7221753001213074, 0.7472869548946619, 0.6754377642646432, 0.7508095987141132, 0.7005348894745111, 0.7419060468673706, 0.7553801611065865, 0.7051512291654944, 0.6759287351742387, 0.7199488859623671, 0.6477800300344825, 0.7508941143751144, 0.6932374108582735]
[18.834458802826703, 0.7887819102033973, 0.7118136063218117, 0.7469110563397408, 0.7611698918044567, 0.7576702320948243, 0.7970177624374628, 0.8737832736223936, 0.7518425891175866, 0.6914887418970466, 0.8578190235421062, 0.850508663803339, 0.7442673463374376, 0.8398990761488676, 0.8186695659533143, 0.7918624402955174, 0.8627930358052254, 0.7127154273912311]
[18.580582295544446, 0.8055023793131113, 0.7509863041341305, 0.7651187991723418, 0.9008871028199792, 0.7799167623743415, 0.7918777419254184, 0.8097453471273184, 0.7549464954063296, 0.7107002250850201, 0.9009230630472302, 0.828235468827188, 0.755468225106597, 0.7959517100825906, 0.8055954333394766, 0.6945296013727784, 0.7736309161409736, 0.722181717865169]
[18.95375798549503, 0.716067336499691, 0.7387824254110456, 0.8000779515132308, 0.8268757285550237, 0.7599085783585906, 0.6869711512699723, 0.8067078925669193, 0.7450263546779752, 0.7153452644124627, 0.837501460686326, 0.7932781409472227, 0.7452183552086353, 0.7607066826894879, 0.8053752221167088, 0.7744957050308585, 0.7870457209646702]
[18.33628606237471, 0.6888772426173091, 0.7411453230306506, 0.8137051137164235, 0.7551702996715903, 0.7388964472338557, 0.6690026931464672, 0.7604690222069621, 0.6973940012976527, 0.7468680236488581, 0.7808059128001332, 0.7625561291351914, 0.7400588290765882, 0.7573044281452894, 0.7048447960987687, 0.7694824198260903, 0.8099923096597195]
[18.69639947358519, 0.7504509799182415, 0.7662556860595942, 0.7410624604672194, 0.7763357115909457, 0.7190729519352317, 0.7404881799593568, 0.7905067913234234, 0.7291881972923875, 0.7091403072699904, 0.8090120581910014, 0.7210233574733138, 0.7097486397251487, 0.7958637243136764, 0.6716308305040002, 0.7171406466513872]
[16.883083442226052, 0.7078481512144208, 0.7004058416932821, 0.7568306932225823, 0.6926902336999774, 0.7373817292973399, 0.7333208071067929, 0.8237363491207361, 0.7483450137078762, 0.6805627569556236, 0.7753489892929792, 0.7982297986745834, 0.685408728197217, 0.8150948565453291]
[19.023264734074473, 0.6678198715671897, 0.6790137095376849, 0.8067297283560038, 0.8120283521711826, 0.7414234634488821, 0.7972172936424613, 0.7050571441650391, 0.683432930149138, 0.7222992982715368, 0.7149229003116488, 0.7184660285711288, 0.8112869001924992, 0.7413868876174092, 0.6604174943640828]
[18.386696443893015, 0.8590711047872901, 0.7035880321636796, 0.6561699975281954, 0.8273454681038857, 0.7879403755068779, 0.6647021863609552, 0.7565722689032555, 0.7003845470026135, 0.7174694193527102, 0.7443831581622362, 0.6487800776958466, 0.7341941995546222, 0.6373701160773635, 0.7740914169698954, 0.6779230628162622, 0.6259773634374142]
[18.96470222156495, 0.7562554022297263, 0.7077982956543565, 0.6835513794794679, 0.7793024955317378, 0.7096823416650295, 0.7772781318053603, 0.6854451289400458, 0.720535141415894, 0.7758419001474977, 0.6634389804676175, 0.6746458066627383, 0.686950821429491, 0.7207980183884501, 0.6520582996308804, 0.7350214198231697, 0.7207130510360003, 0.7301310133188963]
[19.950187673792243, 0.8105096369981766, 0.7545368354767561, 0.7985324282199144, 0.8150390395894647, 0.7592885484918952, 0.6991910478100181, 0.7514710547402501, 0.6690046126022935, 0.613691677339375, 0.8082843702286482, 0.7196169747039676, 0.7308506248518825, 0.7956149121746421, 0.6556369438767433, 0.6466315388679504, 0.7123918831348419, 0.6467222394421697]
[19.60047988127917, 0.8518935348838568, 0.7404262721538544, 0.7623215420171618, 0.7663060389459133, 0.7339696772396564, 0.8787662675604224, 0.7981142625212669, 0.7543548056855798, 0.8240251261740923, 0.759896625764668, 0.7141271596774459, 0.7713505458086729, 0.7195556862279773, 0.693265481851995, 0.7215525293722749, 0.6533579863607883, 0.7106990963220596]
[18.217647046782076, 0.7342673623934388, 0.6761900223791599, 0.7376025691628456, 0.9053928144276142, 0.7422478711232543, 0.8370382729917765, 0.8030150458216667, 0.7005903320387006, 0.8241930482909083, 0.7698141625151038, 0.7338417628780007, 0.7344254637137055, 0.6664542201906443, 0.6999020986258984, 0.6953809820115566, 0.7666718028485775]
[18.17958584241569, 0.7189289527013898, 0.7784583400934935, 0.6454134006053209, 0.7892994899302721, 0.7160649495199323, 0.7421751851215959, 0.8177044531330466, 0.7141432547941804, 0.6803268333896995, 0.7883179504424334, 0.6467587426304817, 0.6487625874578953, 0.6406925935298204, 0.7208791999146342, 0.8330332394689322, 0.6832276787608862]
[18.476698174141347, 0.7342498153448105, 0.6611902480944991, 0.6786357276141644, 0.8737966045737267, 0.7182574477046728, 0.7555871838703752, 0.7818294335156679, 0.7935958597809076, 0.7739990996196866, 0.7805079109966755, 0.6991736711934209, 0.7132295239716768, 0.8671856140717864, 0.7375374510884285, 0.8107070503756404, 0.7822524504736066]
[19.081112512387335, 0.7253710739314556, 0.7068942924961448, 0.6780522214248776, 0.7855411693453789, 0.7422819072380662, 0.7023022556677461, 0.8273115307092667, 0.7267734566703439, 0.6655962932854891, 0.7700701095163822, 0.729530829936266, 0.8092842465266585, 0.7301913341507316, 0.7919518481940031, 0.7280595544725657]
[18.929813644848764, 0.8113479781895876, 0.7500371066853404, 0.7200391227379441, 0.7999722557142377, 0.7648964952677488, 0.853087542578578, 0.8195272665470839, 0.7728074230253696, 0.738388360477984, 0.7377771018072963, 0.7407616190612316, 0.7691233595833182, 0.747882692143321, 0.7463988522067666, 0.736189991235733, 0.6992720272392035, 0.6722589712589979]
[18.647735974751413, 0.8224952723830938, 0.7108497582376003, 0.7812609951943159, 0.7335243625566363, 0.7190166469663382, 0.7087475992739201, 0.8252456206828356, 0.9109892984852195, 0.8356025088578463, 0.8290802333503962, 0.6779891876503825, 0.7790142288431525, 0.7162824431434274, 0.6787933669984341, 0.6181542761623859, 0.6854642303660512, 0.6988142896443605]
[19.179331278428435, 0.7610871503129601, 0.7624324336647987, 0.7056235549971461, 0.7902499493211508, 0.7917221840471029, 0.6690304856747389, 0.8716261712834239, 0.7863715868443251, 0.7156174266710877, 0.7477863468229771, 0.721138009801507, 0.7514111390337348, 0.8029227992519736, 0.7421208340674639, 0.6997126983478665, 0.7080011637881398, 0.6508410070091486]
[19.666971314698458, 0.7455547088757157, 0.7787046320736408, 0.8010541358962655, 0.7055781185626984, 0.7727256119251251, 0.7830755673348904, 0.799898425117135, 0.7489656545221806, 0.7872037626802921, 0.7179909199476242, 0.7581245917826891, 0.8269828697666526, 0.7614607075229287, 0.6998161049559712, 0.7492705108597875, 0.7384267067536712]
[18.81845542602241, 0.7756619965657592, 0.7105369511991739, 0.7625404614955187, 0.7639375980943441, 0.8265546103939414, 0.7667097821831703, 0.8310970049351454, 0.7283968832343817, 0.8081229804083705, 0.7070484422147274, 0.7034245617687702, 0.71765645314008, 0.6890372363850474, 0.6747916247695684, 0.7278572637587786, 0.7413595225661993]
[19.008638121187687, 0.747275672852993, 0.7198983281850815, 0.8146843425929546, 0.7822838751599193, 0.7663343818858266, 0.6956476904451847, 0.7801375286653638, 0.7171020470559597, 0.674614354968071, 0.7388391494750977, 0.7121888268738985, 0.704242623411119, 0.699725329875946, 0.741501827724278, 0.6626105653122067, 0.8007183149456978, 0.7183807203546166]
[18.77846159040928, 0.7436730843037367, 0.7891857773065567, 0.7458439860492945, 0.7881689816713333, 0.6706621330231428, 0.7273289682343602, 0.7438391009345651, 0.6744171222671866, 0.7170117683708668, 0.8076764345169067, 0.7002021605148911, 0.735289222560823, 0.6684031169861555, 0.6903768312186003, 0.7467557098716497]
[18.68606721237302, 0.6939733373001218, 0.6859129266813397, 0.7376506691798568, 0.735341920517385, 0.7241741856560111, 0.7283237157389522, 0.7578044477850199, 0.7803889568895102, 0.8713694987818599, 0.7573320111259818, 0.6532806605100632, 0.7315977131947875, 0.750364345498383, 0.7241590907797217, 0.6387113844975829, 0.6792580913752317, 0.6677635107189417]
[19.152921588160098, 0.7323142569512129, 0.666284853592515, 0.7298688925802708, 0.7490127682685852, 0.7247099820524454, 0.7430829890072346, 0.7949863150715828, 0.7323187915608287, 0.7874730853363872, 0.8584156604483724, 0.752063000574708, 0.79308095946908, 0.7658781185746193, 0.6663121655583382, 0.6539952354505658, 0.6750840228050947, 0.6926613785326481]
[19.536604440771043, 0.7686818949878216, 0.6754329791292548, 0.6642273645848036, 0.7986335949972272, 0.7185611426830292, 0.7366781588643789, 0.8268610471859574, 0.7796783586964011, 0.7084833504632115, 0.7568408101797104, 0.789170702919364, 0.7215438056737185, 0.779990111477673, 0.7176394369453192, 0.6423836220055819, 0.7323033399879932, 0.7586467014625669]
[19.349251989275217, 0.8400945588946342, 0.7002992052584887, 0.650968611240387, 0.766529462300241, 0.8471085578203201, 0.7725699916481972, 0.7119904980063438, 0.6919149653986096, 0.8184080282226205, 0.7070212354883552, 0.6803160049021244, 0.7830530432984233, 0.6334631554782391, 0.6540500549599528, 0.6586279766634107, 0.6530934479087591]
[19.893710172735155, 0.8213342521339655, 0.74494862370193, 0.6592632820829749, 0.833419794216752, 0.7704175533726811, 0.6966167567297816, 0.8392725950106978, 0.7334666112437844, 0.6692125052213669, 0.7253153137862682, 0.6859956057742238, 0.708333539776504, 0.7059543002396822, 0.6802399614825845, 0.7053534695878625, 0.7056997930631042, 0.6954450216144323]
[15.643079443834722, 2.458108407445252, 0.7972097545862198, 0.6769926007837057, 0.6314718797802925, 0.797987800091505, 0.7292525433003902, 0.6433792049065232, 0.7048874385654926, 0.7242362666875124, 0.7106018625199795, 0.8603916727006435, 0.7747204760089517, 0.7495056614279747, 0.7405810290947556, 0.7743789339438081, 0.6594250351190567, 0.8040031287819147]
[18.895910125225782, 0.8161336882039905, 0.7255648765712976, 0.7050632797181606, 0.8613959923386574, 0.8653301633894444, 0.7567080752924085, 0.8403717307373881, 0.8125289771705866, 0.845319646410644, 0.8191482424736023, 0.7488541174679995, 0.7105187550187111, 0.807816518470645, 0.7593002542853355, 0.7320841364562511, 0.8093888172879815, 0.7166840778663754]
[18.42523915693164, 0.8445825325325131, 0.7154306266456842, 0.6570294070988894, 0.7239616541191936, 0.673616255633533, 0.7557422555983067, 0.6984688565135002, 0.6716460073366761, 0.6930562099441886, 0.7998337429016829, 0.6923103807494044, 0.7526376713067293, 0.7338013779371977, 0.7154306014999747, 0.7941380059346557, 0.8274624133482575, 0.6729032248258591]
[14.275865537114441, 2.8171778237447143, 0.7984145125374198, 0.7289217924699187, 0.7755297962576151, 0.749334529042244, 0.7007733043283224, 0.7827848196029663, 0.748174088075757, 0.8839192632585764, 0.8130787368863821, 0.8361493460834026, 0.8535124594345689, 0.7454177681356668, 0.8245397293940187, 0.7908624447882175, 0.8309887051582336, 0.8150503626093268]
[19.391511817462742, 0.7361980509012938, 0.7699871296063066, 0.7584538711234927, 0.8624913832172751, 0.7705509895458817, 0.7021265290677547, 0.7944877305999398, 0.6792809870094061, 0.723035667091608, 0.7673683473840356, 0.6983926426619291, 0.7247723750770092, 0.7998462021350861, 0.6774944290518761, 0.6828465517610312, 0.8584088142961264, 0.7148147933185101]
[19.529853674583137, 0.6828528251498938, 0.6714197499677539, 0.6831020638346672, 0.7286090338602662, 0.7130371415987611, 0.8062261724844575, 0.7517551770433784, 0.6682713981717825, 0.6337635051459074, 0.798058969900012, 0.7263182988390326, 0.7700454881414771, 0.7357957921922207, 0.7209765454754233, 0.6865038387477398, 0.6928270179778337, 0.6945581929758191]
[19.935154540464282, 0.6722850017249584, 0.6721145808696747, 0.7452121032401919, 0.73849559109658, 0.6453909641131759, 0.7062279786914587, 0.7576010758057237, 0.7316956017166376, 0.7836558725684881, 0.7384749604389071, 0.7031988948583603, 0.7389184879139066, 0.7938464721664786, 0.7866351390257478, 0.726956570520997, 0.6756119104102254, 0.7288049114868045]
[18.22906110715121, 0.6686910865828395, 0.6662413151934743, 0.6711191302165389, 0.8064666306599975, 0.6981583144515753, 0.7433586670085788, 0.7719370946288109, 0.6520311161875725, 0.7785119703039527, 0.7181263901293278, 0.7395468419417739, 0.7288884185254574, 0.6838480681180954, 0.7588917119428515, 0.7593397703021765, 0.6387856174260378, 0.6952094808220863]
[17.553237890824676, 0.7446231497451663, 0.6490323469042778, 0.7067179335281253, 0.8040730645880103, 0.745526684448123, 0.6805363483726978, 0.7492270609363914, 0.7023119246587157, 0.7108936989679933, 0.76507817953825, 0.8218589378520846, 0.7147429836913943, 0.7622523242607713, 0.7236591689288616, 0.7616990143433213]
[18.448406275361776, 0.7607513116672635, 0.6932454835623503, 0.6800548639148474, 0.7324913367629051, 0.7034650724381208, 0.7054504984989762, 0.8063421985134482, 0.8187028300017118, 0.8075037049129605, 0.8422811105847359, 0.7834914773702621, 0.7526081586256623, 0.7332671144977212, 0.7137589855119586, 0.7365402234718204, 0.7413713913410902, 0.696289723739028]
[19.1047540390864, 0.805950915440917, 0.6767748324200511, 0.696501825004816, 0.7476002182811499, 0.6455598315224051, 0.7007236201316118, 0.8065650537610054, 0.7177627477794886, 0.6770474100485444, 0.8536152420565486, 0.7543836254626513, 0.7244919156655669, 0.8404928864911199, 0.7722345059737563, 0.6698237359523773, 0.7606676183640957, 0.7134602507576346]
[19.367513346485794, 0.7930083181709051, 0.6883735591545701, 0.6952939303591847, 0.7960282415151596, 0.6438301233574748, 0.7690766947343946, 0.7868695789948106, 0.8201100612059236, 0.738075970672071, 0.8542095897719264, 0.8254796545952559, 0.8744456470012665, 0.7966025108471513, 0.7898188373073936, 0.8418753305450082, 0.7769605424255133, 0.7771770255640149]
[19.684823256917298, 0.8326927134767175, 0.7591091366484761, 0.7147363144904375, 0.7483930736780167, 0.6933533987030387, 0.8130810866132379, 0.739728850312531, 0.7547981180250645, 0.7981394398957491, 0.7110310243442655, 0.7941497210413218, 0.6720312628895044, 0.6520964214578271, 0.7786992955952883, 0.6985323010012507]
[18.879877595230937, 0.7736888853833079, 0.720625376328826, 0.670781041495502, 0.7109055016189814, 0.7863462558016181, 0.7764863530173898, 0.8117420012131333, 0.789919288828969, 0.7157186735421419, 0.7302527166903019, 0.7447137730196118, 0.6410351637750864, 0.7130556404590607, 0.7661507725715637, 0.7688464149832726, 0.686678271740675]
[18.69925916939974, 0.8206375110894442, 0.7554402491077781, 0.724854757077992, 0.7450905349105597, 0.7615266377106309, 0.7116666221991181, 0.783583409152925, 0.7521063815802336, 0.6777002643793821, 0.7567423768341541, 0.7382857874035835, 0.6747514391317964, 0.7070070523768663, 0.7243522461503744, 0.8171440456062555, 0.6967457262799144]
[19.029281004332006, 0.717638723552227, 0.6875852048397064, 0.7234330950304866, 0.7113291211426258, 0.7140132710337639, 0.7914313338696957, 0.8387489477172494, 0.7806048905476928, 0.8823005827143788, 0.7959147011861205, 0.7464607581496239, 0.8500118609517813, 0.8766275970265269, 0.8140310160815716, 0.756686364300549, 0.7800529394298792, 0.6648671003058553]
[18.562554598785937, 0.8278416842222214, 0.7086397400125861, 0.6973398886620998, 0.7835217844694853, 0.7251334115862846, 0.7777886213734746, 0.7699293978512287, 0.707877772860229, 0.7499294066801667, 0.8738168207928538, 0.7726337090134621, 0.7784706084057689, 0.75237051025033, 0.8009679345414042, 0.7890885947272182, 0.778870077803731, 0.6889865007251501]
[17.957835728302598, 0.7460610577836633, 0.7511145323514938, 0.7315819542855024, 0.7447960013523698, 0.74258335493505, 0.7273690868169069, 0.7198943709954619, 0.8086452018469572, 0.7351577570661902, 0.7410194519907236, 0.7163239791989326, 0.7019005734473467, 0.7661717887967825, 0.6905647004023194, 0.7371764844283462]
[18.838432964868844, 0.6806667111814022, 0.7627632096409798, 0.712586828507483, 0.7867369716987014, 0.7769852196797729, 0.769604223780334, 0.8087937775999308, 0.6984587237238884, 0.7092407001182437, 0.8220562553033233, 0.7992119481787086, 0.6722339084371924, 0.7693756688386202, 0.7179123209789395, 0.6812434857711196, 0.7048149034380913]
[16.94264045264572, 0.6998729603365064, 0.7300901617854834, 0.6616202518343925, 0.6491924440488219, 0.6893076850101352, 0.7718285340815783, 0.8044089497998357, 0.704760605469346, 0.7445994047448039, 0.6918441988527775, 0.6939455177634954, 0.7346873339265585, 0.7875442691147327, 0.7368563394993544]
[19.19627159461379, 0.7087323078885674, 0.7854984002187848, 0.6773961205035448, 0.715335008688271, 0.6884456407278776, 0.7533818883821368, 0.7369714016094804, 0.7066858084872365, 0.708495257422328, 0.786794631741941, 0.7301701223477721, 0.7492931131273508, 0.8063376992940903, 0.7327012019231915]
[19.333120992407203, 0.6902485955506563, 0.6833937084302306, 0.7361929900944233, 0.7090392662212253, 0.6905139330774546, 0.6728004002943635, 0.808309250511229, 0.689535484649241, 0.760436836630106, 0.7125697443261743, 0.7443372970446944, 0.6181029379367828, 0.7710646847262979, 0.7021790901198983]
[19.19810427632183, 0.8615944301709533, 0.7322193756699562, 0.7393743535503745, 0.8178645558655262, 0.7872292278334498, 0.826636808924377, 0.8007713127881289, 0.7180717373266816, 0.7428047070279717, 0.7395324259996414, 0.6729641174897552, 0.6924734190106392, 0.7375983903184533, 0.632750604301691, 0.705242583528161, 0.7886491315439343, 0.7613104656338692]
[18.422614973969758, 0.7829713169485331, 0.7815574463456869, 0.7169769499450922, 0.8773967577144504, 0.8036518236622214, 0.8322859415784478, 0.873858573846519, 0.7963933208957314, 0.7005017651244998, 0.8405061643570662, 0.8144006133079529, 0.7487038243561983, 0.7508680997416377, 0.6867639916017652, 0.7312485342845321, 0.78128148522228, 0.6854578768834472]
[19.435294040478766, 0.7020978014916182, 0.7139273872599006, 0.7555931573733687, 0.7482611611485481, 0.7797757536172867, 0.7583678215742111, 0.740966584533453, 0.671989168971777, 0.6874096132814884, 0.8135263985022902, 0.7871437296271324, 0.7205164320766926, 0.830907542258501, 0.6966045461595058, 0.7276523876935244, 0.8600642960518599, 0.7273658784106374]
[20.259380908682942, 0.6992402207106352, 0.6580109354108572, 0.773474027402699, 0.8656133376061916, 0.6951549295336008, 0.6883801566436887, 0.7147472398355603, 0.7208101721480489, 0.7646787529811263, 0.74710488691926, 0.7530129626393318, 0.6984715480357409, 0.7678917357698083, 0.7157712010666728, 0.7173579456284642, 0.721272699534893, 0.6591542940586805]
[19.391886222176254, 0.7245259340852499, 0.6833128314465284, 0.6862498121336102, 0.7727212831377983, 0.7211614968255162, 0.6608053520321846, 0.7227154532447457, 0.7998510776087642, 0.7770152501761913, 0.8017078889533877, 0.756084262393415, 0.7931974390521646, 0.782724785618484, 0.7563857873901725, 0.6903153760358691, 0.7506086276844144, 0.7133076582103968]
[19.157006337307394, 0.6706549292430282, 0.6514812549576163, 0.6434144554659724, 0.7668464230373502, 0.6743536870926619, 0.6498674843460321, 0.7450298415496945, 0.6854496840387583, 0.845746535807848, 0.7506257593631744, 0.6964315492659807, 0.7168496996164322, 0.7573939571157098, 0.7136221509426832, 0.7971656303852797, 0.7597133768722415, 0.7199205178767443]
[19.150533409789205, 0.7611242961138487, 0.6647185627371073, 0.720912141725421, 0.7573666768148541, 0.6956226546317339, 0.699149458669126, 0.7259123111143708, 0.7280509555712342, 0.6770823085680604, 0.7296545561403036, 0.6960923252627254, 0.7207559421658516, 0.7339431019499898, 0.6748501267284155, 0.7096232902258635, 0.6904624309390783, 0.6865217732265592]
[18.739998477511108, 0.7309547523036599, 0.683023527264595, 0.7762846080586314, 0.7158216470852494, 0.6858406085520983, 0.7420946406200528, 0.7571420790627599, 0.82759297080338, 0.7476480472832918, 0.713820319622755, 0.7436374500393867, 0.8236808590590954, 0.6803425895050168, 0.8034054161980748, 0.6998993875458837, 0.7128649614751339]
[19.458854474127293, 0.8272043950855732, 0.6763692190870643, 0.6304235393181443, 0.7714898698031902, 0.768311801366508, 0.6367785930633545, 0.7127765538170934, 0.7394881341606379, 0.672979511320591, 0.7093009538948536, 0.7180893188342452, 0.6872323006391525, 0.7072173040360212, 0.6781699750572443, 0.6483992114663124, 0.7814290151000023, 0.7409107629209757]
[18.907145590521395, 0.7605331344529986, 0.6528598526492715, 0.7447908772155643, 0.7608978217467666, 0.714582840912044, 0.6713469866663218, 0.7609377698972821, 0.7448602030053735, 0.7908234689384699, 0.7747315596789122, 0.7635498950257897, 0.7207161402329803, 0.7759881401434541, 0.7531914794817567, 0.6980914836749434, 0.7852198369801044, 0.7416695384308696]
[19.212187053635716, 0.7486689426004887, 0.749574457295239, 0.8115345211699605, 0.7443998344242573, 0.6911200573667884, 0.8335436368361115, 0.7400224143639207, 0.6694533182308078, 0.6720328032970428, 0.6744109652936459, 0.6779236672446132, 0.5962360789999366, 0.7143947128206491, 0.7510714922100306, 0.6623916486278176, 0.7651036782190204, 0.7153773987665772]
[18.673644084483385, 0.7165532037615776, 0.656695113517344, 0.7344760419800878, 0.7345819622278214, 0.7290763473138213, 0.7368931388482451, 0.8206569878384471, 0.7524521192535758, 0.6999044269323349, 0.7527535725384951, 0.7039208132773638, 0.6618842659518123, 0.7758317086845636, 0.7286420734599233, 0.718501110561192, 0.6863141627982259, 0.680693275295198]
[18.704883370548487, 0.7775689633563161, 0.7079976694658399, 0.7239820826798677, 0.7859060605987906, 0.7355798501521349, 0.7381079383194447, 0.8620987543836236, 0.8018826963379979, 0.7338205724954605, 0.761611514724791, 0.7792389169335365, 0.7347493385896087, 0.6359555637463927, 0.6973177408799529, 0.7241692962124944, 0.7150940913707018, 0.6884218258783221]
[18.3037325758487, 0.7811362948268652, 0.742643347941339, 0.717680661007762, 0.77029022667557, 0.6767983380705118, 0.7248833728954196, 0.8184323944151402, 0.7206049859523773, 0.7171339774504304, 0.8366103330627084, 0.7279784716665745, 0.7014492778107524, 0.7139190537855029, 0.718347828835249, 0.7394206281751394, 0.6898834211751819, 0.7281968854367733]
[19.023980401456356, 0.6952115865424275, 0.7046489408239722, 0.6847889227792621, 0.7552903247997165, 0.7259977972134948, 0.7235918566584587, 0.6748941726982594, 0.7812367202714086, 0.7144944611936808, 0.718352448195219, 0.6821681885048747, 0.7609319305047393, 0.6706678736954927, 0.6336281774565578, 0.6998149026185274, 0.6991257397457957]
[18.584549504332244, 0.8394707078114152, 0.7536271205171943, 0.6853246157988906, 0.7614168729633093, 0.8285187184810638, 0.8041720045730472, 0.7464678110554814, 0.654339449480176, 0.7948946058750153, 0.7769337324425578, 0.7521167732775211, 0.759878734126687, 0.7824973491951823, 0.720943970605731, 0.7794976765289903, 0.709098232910037, 0.6852169036865234]
[18.846570339985192, 0.8048182455822825, 0.7360515110194683, 0.6925532892346382, 0.793450778350234, 0.6931438082829118, 0.7352100843563676, 0.8092894470319152, 0.7500343499705195, 0.8176518967375159, 0.8200734555721283, 0.6862388616427779, 0.6830964926630259, 0.8897703820839524, 0.7501896070316434, 0.6752809137105942, 0.8361047329381108, 0.7885452872142196]
[14.587478306144476, 2.8662161845713854, 0.8204805627465248, 0.6712927306070924, 0.5948202852159739, 0.8327032271772623, 0.7965445704758167, 0.725584295578301, 0.8714486192911863, 0.8841370940208435, 0.757103681564331, 0.8483808971941471, 0.795368873514235, 0.6988342488184571, 0.8763944394886494, 0.7821575123816729, 0.7295111669227481, 0.7885069698095322]
[15.486188315786421, 2.0018128668889403, 0.8057740200310946, 0.7346686171367764, 0.7239055717363954, 0.8710588943213224, 0.8153916914016008, 0.8350010486319661, 0.8206773465499282, 0.7521794708445668, 0.7825912944972515, 0.8549564443528652, 0.7582458136603236, 0.7638657251372933, 0.8022004580125213, 0.672150562517345, 0.7751992242410779, 0.7850909065455198]
[18.160666906274855, 0.7803428610786796, 0.7370767947286367, 0.7661438351497054, 0.7965790126472712, 0.7214096412062645, 0.6624678745865822, 0.8436842449009418, 0.746519492007792, 0.72381935082376, 0.7673940416425467, 0.680361052043736, 0.7001674557104707, 0.7076734472066164, 0.7400046093389392, 0.7769908122718334, 0.6655817776918411]
[18.342027911916375, 0.7902857847511768, 0.7512971861287951, 0.6609246581792831, 0.7633368950337172, 0.7845790013670921, 0.7239147713407874, 0.7606732239946723, 0.7707748217508197, 0.7189981890842319, 0.7585410485044122, 0.6962434398010373, 0.6686876248568296, 0.7302461108192801, 0.6804051864892244, 0.6803824389353395, 0.7630864679813385, 0.7293632868677378]
[18.489491911605, 0.8124176720157266, 0.7169774323701859, 0.8163017556071281, 0.8468151306733489, 0.8232186529785395, 0.8740568095818162, 0.8437038017436862, 0.7288332600146532, 0.7105960063636303, 0.8277582647278905, 0.7252177437767386, 0.7195414742454886, 0.8628705907613039, 0.7696484066545963, 0.6979659236967564, 0.7156212273985147, 0.6911512529477477]
[19.081982290372252, 0.7820768784731627, 0.6355264764279127, 0.632702998816967, 0.772568866610527, 0.7639891067519784, 0.7225624211132526, 0.7690038187429309, 0.6586285158991814, 0.607996684499085, 0.8637367160990834, 0.7514718333259225, 0.6856747176498175, 0.7954075103625655, 0.7364013120532036, 0.6634872825816274, 0.7474394785240293, 0.630875950679183]
[17.91436699591577, 0.7580456612631679, 0.7969937035813928, 0.7580808131024241, 0.8085085647180676, 0.7231725063174963, 0.6209391308948398, 0.7637326903641224, 0.7232859246432781, 0.6553234998136759, 0.8070696480572224, 0.7507295170798898, 0.6514514945447445, 0.7579605272039771, 0.6615935135632753]
[18.23296202160418, 0.714068572036922, 0.6875547207891941, 0.6937746107578278, 0.815972245298326, 0.7282606763765216, 0.7043385691940784, 0.7902157828211784, 0.7922087199985981, 0.6876099640503526, 0.823063999414444, 0.7389140026643872, 0.6920577455312014, 0.7592198504135013, 0.7436545388773084, 0.6675379676744342, 0.7856482127681375]
[17.480061501264572, 0.7462603878229856, 0.7249947357922792, 0.6886419421061873, 0.7395152663812041, 0.6835810169577599, 0.7356623765081167, 0.762446410022676, 0.7297753421589732, 0.7420420236885548, 0.7231977935880423, 0.7374581415206194, 0.6405246974900365, 0.7376929484307766]
[18.309561104513705, 0.7195274932309985, 0.7033450966700912, 0.7129332916811109, 0.69181795604527, 0.7420853124931455, 0.7602203357964754, 0.8147280178964138, 0.7133016930893064, 0.7378893289715052, 0.7578922612592578, 0.7636548988521099, 0.7237443309277296, 0.7499733474105597, 0.7139925919473171]
[18.97038592211902, 0.7400448760017753, 0.7285602791234851, 0.7850575251504779, 0.8084706887602806, 0.7359291035681963, 0.698108627460897, 0.7149697048589587, 0.7408296354115009, 0.708962719887495, 0.6926644882187247, 0.8130990667268634, 0.7091258903965354, 0.6942406632006168, 0.6756001878529787]
[18.687177482061088, 0.8031600769609213, 0.6335920505225658, 0.7850792109966278, 0.7918505016714334, 0.7511483374983072, 0.649339584633708, 0.7448606193065643, 0.7815900584682822, 0.8013591058552265, 0.8032260155305266, 0.6519001433625817, 0.7061960743740201, 0.7253550989553332, 0.7344329906627536, 0.6686894409358501, 0.7206774977967143]
[19.693687883205712, 0.8089807387441397, 0.6803019270300865, 0.7436783378943801, 0.7668876750394702, 0.7784090843051672, 0.7393815377727151, 0.719094080850482, 0.7188457939773798, 0.7450505001470447, 0.6936155715957284, 0.7403490841388702, 0.730486998334527, 0.7160197934135795, 0.6680764416232705, 0.7122963024303317, 0.715386931784451]
[18.169639534316957, 0.8640150371938944, 0.7944177202880383, 0.8356228107586503, 0.7713643461465836, 0.8132401201874018, 0.6810801587998867, 0.7236969424411654, 0.8033167757093906, 0.759141487069428, 0.7660496421158314, 0.6795113431289792, 0.7044361187145114, 0.7309814812615514, 0.7125996388494968, 0.7427215734496713, 0.6600774023681879, 0.6574717415496707]
[19.254268940538168, 0.7732080267742276, 0.7026981972157955, 0.6950336322188377, 0.738313035108149, 0.7078193128108978, 0.7009178791195154, 0.7572730500251055, 0.7564792279154062, 0.6541649214923382, 0.6837855437770486, 0.682527688331902, 0.6432348592206836, 0.7782348897308111, 0.6445243433117867, 0.6526980549097061, 0.8059403439983726, 0.781674456782639]
[18.391453932970762, 0.7411739081144333, 0.7463783686980605, 0.7558027850463986, 0.9021972361952066, 0.7013486931100488, 0.7971778754144907, 0.7944857263937593, 0.6922589018940926, 0.8103225594386458, 0.6657037399709225, 0.6733151972293854, 0.7621694663539529, 0.6732833022251725, 0.6384845832362771, 0.7204755079001188]
[18.706492294557393, 0.813348182477057, 0.7267482532188296, 0.6466359598562121, 0.7814388852566481, 0.7413507541641593, 0.7702523190528154, 0.7232071673497558, 0.6726618856191635, 0.8059651562944055, 0.6748076304793358, 0.646135906688869, 0.8268847307190299, 0.7557037342339754, 0.7344907326623797, 0.7351275961846113]
[18.75851495936513, 0.7179594310000539, 0.6490084482356906, 0.6279377164319158, 0.8631454138085246, 0.7152514271438122, 0.7661449760198593, 0.7311153216287494, 0.6957990219816566, 0.6295519089326262, 0.7093366086483002, 0.676050285808742, 0.6918042106553912, 0.8636459037661552, 0.6854196339845657, 0.7457380006089807, 0.7620762353762984]
[19.080056491307914, 0.7005129009485245, 0.655366144143045, 0.7476751124486327, 0.7340063359588385, 0.6497517442330718, 0.7606967920437455, 0.7583123985677958, 0.7121631531044841, 0.7856732811778784, 0.760564642958343, 0.6531044542789459, 0.7600584588944912, 0.7998455446213484, 0.7910738866776228, 0.6431653797626495]
[16.503851770423353, 0.8234835676848888, 0.8430853979662061, 0.7887763399630785, 0.8428053613752127, 0.7905129566788673, 0.7273743133991957, 0.7729614404961467, 0.8263876708224416, 0.7692334866151214, 0.7934498367831111, 0.6904421541839838, 0.6349678682163358, 0.8438895959407091, 0.7953856531530619, 0.665877322666347, 0.7050278456881642, 0.6613642321899533]
[16.32057648524642, 0.8490073215216398, 0.690269073471427, 0.6530555384233594, 0.7486862121149898, 0.8570207739248872, 0.8175773257389665, 0.7638498470187187, 0.6998976459726691, 0.7894597919657826, 0.7854457758367062, 0.6808694088831544, 0.6701650824397802, 0.7579122139140964, 0.7337899887934327, 0.687936176545918, 0.6958123669028282, 0.6736080795526505]
[18.1217038622126, 0.7523376177996397, 0.7305470500141382, 0.6980114271864295, 0.7548541119322181, 0.8455811869353056, 0.8525557219982147, 0.8288942277431488, 0.7143378313630819, 0.7204646235331893, 0.7983423974364996, 0.7043398674577475, 0.7936823591589928, 0.750864484347403, 0.6985594155266881, 0.6500962246209383, 0.6822616439312696, 0.7085859328508377]
[18.961418464779854, 0.7601702520623803, 0.7585019748657942, 0.8132725059986115, 0.8023221371695399, 0.8338914522901177, 0.7637189999222755, 0.746225668117404, 0.760617452673614, 0.8371977182105184, 0.6775671225041151, 0.7538169203326106, 0.8051760960370302, 0.7135005360469222, 0.6923457626253366, 0.7517031067982316, 0.7584107210859656]
[18.859855773858726, 0.7037855247035623, 0.7383350608870387, 0.7597346156835556, 0.7278547491878271, 0.772167288698256, 0.7341226497665048, 0.8229747591540217, 0.7543876226991415, 0.7680076416581869, 0.8018754618242383, 0.6504099238663912, 0.7109600491821766, 0.733614538796246, 0.7276990879327059, 0.6632605362683535, 0.7319879457354546, 0.6961435526609421]
[18.588628104887903, 0.7681560162454844, 0.7628262033686042, 0.7606063652783632, 0.7352648442611098, 0.7158826161175966, 0.6929020183160901, 0.7363616060465574, 0.7177272085100412, 0.8333987426012754, 0.7566467840224504, 0.6721023907884955, 0.7141748918220401, 0.7169143352657557, 0.6930988095700741, 0.6849139761179686, 0.7456720788031816, 0.7049480360001326]
[18.18013979215175, 0.7337024221196771, 0.7609397666528821, 0.6973870024085045, 0.7659860365092754, 0.7732746805995703, 0.8162981905043125, 0.7210312811657786, 0.7236450798809528, 0.756857106462121, 0.7290088506415486, 0.7440881198272109, 0.7325331876054406, 0.6715568685904145, 0.7144631939008832, 0.806983950547874]
[18.983071729540825, 0.7904823310673237, 0.7555175740271807, 0.746578280813992, 0.7442807592451572, 0.7407801738008857, 0.6928246654570103, 0.736105540767312, 0.7630924480035901, 0.7901328941807151, 0.7516735503450036, 0.8328010952100158, 0.7152627455070615, 0.8012507045641541, 0.7390093728899956, 0.6790295783430338, 0.7149366419762373, 0.6843429775908589]
[19.034112240187824, 0.7610116992145777, 0.6542975269258022, 0.7188175115734339, 0.834563652984798, 0.8252250952646136, 0.6881221290677786, 0.8070520861074328, 0.7086353003978729, 0.7385338563472033, 0.8331529386341572, 0.7521786298602819, 0.7551673799753189, 0.7320513883605599, 0.6893314113840461, 0.642459811642766, 0.7128011658787727, 0.7581757577136159]
[20.013772112317383, 0.7873806348070502, 0.687070737592876, 0.6841479884460568, 0.7670749556273222, 0.8202645145356655, 0.8296387456357479, 0.8535494105890393, 0.7473341375589371, 0.6901508700102568, 0.7797885211184621, 0.6873592445626855, 0.7990328427404165, 0.7970488844439387, 0.6673288606107235, 0.6971251079812646, 0.7784955333918333, 0.7001962186768651]
[19.177063692361116, 0.7404932966455817, 0.7289629140868783, 0.6696409611031413, 0.8707735510542989, 0.7656973246484995, 0.8234361913055182, 0.829227477312088, 0.7303113378584385, 0.8141885949298739, 0.8180384105071425, 0.6889265207573771, 0.6713881529867649, 0.8086476484313607, 0.7138530658558011, 0.647585735656321, 0.6522423094138503, 0.644923378713429]
[19.669318039901555, 0.8194214766845107, 0.6775094708427787, 0.7366436356678605, 0.7989267995581031, 0.7873651627451181, 0.7326319459825754, 0.8387197675183415, 0.7487467229366302, 0.7629823982715607, 0.7221556752920151, 0.6824398068711162, 0.7485652677714825, 0.6868267925456166, 0.6897319154813886, 0.7351538212969899, 0.691585642285645, 0.6730579063296318]
[19.02071826439351, 0.861610297113657, 0.7102809017524123, 0.6886748159304261, 0.7801920361816883, 0.6459435764700174, 0.7247900906950235, 0.7355274697765708, 0.6565576316788793, 0.7560394555330276, 0.7392187993973494, 0.6548498058691621, 0.7113504903391004, 0.7340584564954042, 0.7718655979260802, 0.6615678453817964, 0.716368529945612, 0.7752366913482547]
[19.4957319740206, 0.784675600938499, 0.7361282855272293, 0.8229005765169859, 0.7944804271683097, 0.7721157260239124, 0.7579929120838642, 0.7658668160438538, 0.6938318386673927, 0.7409877507016063, 0.7369818622246385, 0.660406100563705, 0.6800542958080769, 0.7539968146011233, 0.7003708193078637, 0.7434179363772273, 0.8561816439032555, 0.755262934602797]
[18.540593433193862, 0.8489300794899464, 0.7405741829425097, 0.7433838462457061, 0.7924036551266909, 0.7799492469057441, 0.7614034209400415, 0.8721587033942342, 0.7359597915783525, 0.745545532554388, 0.9142154892906547, 0.7710919259116054, 0.7779540475457907, 0.8369386987760663, 0.7588812969624996, 0.7864117370918393, 0.7890312541276217, 0.7642852505668998]
[19.718147377483547, 0.7148579899221659, 0.781791384331882, 0.7176722651347518, 0.7326421327888966, 0.759897381067276, 0.8261374179273844, 0.8821297539398074, 0.8483552224934101, 0.8151334505528212, 0.7843677373602986, 0.7885542176663876, 0.7012035176157951, 0.649414399638772, 0.6965946368873119, 0.6531721204519272, 0.7655851729214191, 0.6375660356134176]
[19.823441985994577, 0.6885553197935224, 0.7081390013918281, 0.6662931423634291, 0.8911635112017393, 0.7059110458940268, 0.7504594791680574, 0.7736665159463882, 0.6914087673649192, 0.7239682404324412, 0.7730201724916697, 0.7160024819895625, 0.6795590873807669, 0.7486212532967329, 0.7367490325123072, 0.67620631121099, 0.7687654187902808, 0.6653957366943359]
[18.405697751790285, 0.6856367979198694, 0.6516972715035081, 0.6985672255977988, 0.7597825238481164, 0.687708705663681, 0.7564210118725896, 0.8400813583284616, 0.6922205276787281, 0.6675686221569777, 0.7740882197394967, 0.691452550701797, 0.7219077404588461, 0.7936191875487566, 0.6930969506502151, 0.6843460127711296, 0.7268898012116551, 0.6707370197400451]
[19.767904644832015, 0.6581669673323631, 0.7286799224093556, 0.7051520450040698, 0.699560571461916, 0.647313667461276, 0.8233889089897275, 0.7539447601884604, 0.6512057762593031, 0.8078169655054808, 0.7843790026381612, 0.6842446168884635, 0.7318690689280629, 0.6871802341192961, 0.676046154461801, 0.8027608133852482, 0.7049642018973827, 0.6594585767015815]
[18.78571514133364, 0.6675708889961243, 0.7242962773889303, 0.6694635534659028, 0.7213860834017396, 0.6554862707853317, 0.7260958673432469, 0.7478042701259255, 0.7025456707924604, 0.7725742133334279, 0.7721275882795453, 0.7530236365273595, 0.7042331323027611, 0.7414669096469879, 0.6734455106779933, 0.7336028143763542, 0.7294024331495166, 0.7200140645727515]
[17.591052669100463, 0.803956126794219, 0.748916675336659, 0.7469914341345429, 0.7187829064205289, 0.7547436505556107, 0.6216256413608789, 0.7757037002593279, 0.6829720670357347, 0.731060903519392, 0.7572010718286037, 0.6776661351323128, 0.72983268648386, 0.767887432128191, 0.6016556024551392, 0.7380301598459482, 0.7176848873496056]
[18.476063006557524, 0.7729476299136877, 0.7626962773501873, 0.7306309258565307, 0.9179005604237318, 0.7747797444462776, 0.6999198850244284, 0.8308409238234162, 0.696497755125165, 0.7951157027855515, 0.7140329536050558, 0.6849904861301184, 0.7670312561094761, 0.8287924798205495, 0.7381425676867366, 0.7814309755340219, 0.6990522062405944]
[19.77082324679941, 0.8498248150572181, 0.7000910127535462, 0.7006629128009081, 0.7596940910443664, 0.6765312794595957, 0.7039896873757243, 0.8027895856648684, 0.7002869602292776, 0.7006043381989002, 0.7631927225738764, 0.6797064039856195, 0.7042473023757339, 0.7149480013176799, 0.6881625652313232, 0.6683731386438012, 0.7949401624500751, 0.7012421432882547]
[18.64813212212175, 0.8128824019804597, 0.723989405669272, 0.7301611704751849, 0.8168717687949538, 0.7515533557161689, 0.7726212618872523, 0.8173982985317707, 0.7673980155959725, 0.7189900483936071, 0.8310792129486799, 0.7371032768860459, 0.6828842191025615, 0.778483116067946, 0.6795168686658144, 0.7990280641242862, 0.7477597147226334, 0.7062997780740261]
[18.983040368184447, 0.7488140827044845, 0.7181760221719742, 0.7318593794479966, 0.7643416337668896, 0.8489890191704035, 0.7659490909427404, 0.7895548287779093, 0.7574730413034558, 0.6857791189104319, 0.7486204253509641, 0.6698149805888534, 0.76138018630445, 0.6827389523386955, 0.7066511008888483, 0.6818365473300219, 0.8367174984887242, 0.726025509648025]
[19.395096415653825, 0.802914647385478, 0.755617736838758, 0.7222547363489866, 0.8158228164538741, 0.7567633548751473, 0.7987846061587334, 0.7678061062470078, 0.8112804340198636, 0.770805754698813, 0.7332878485321999, 0.7309901146218181, 0.7726190313696861, 0.6577680790796876, 0.7224560612812638, 0.7662044474855065]
[19.843235101550817, 0.8286737343296409, 0.7559417244046926, 0.7059429883956909, 0.8390094516798854, 0.743653598241508, 0.7251451024785638, 0.7793811140581965, 0.7281072093173862, 0.7165101272985339, 0.7188157811760902, 0.6316841719672084, 0.7579269483685493, 0.7979719005525112, 0.6784754460677505, 0.7520170789211988, 0.6492387782782316]
[19.21018604375422, 0.781017517670989, 0.7738239644095302, 0.7642124518752098, 0.7817029524594545, 0.7273012455552816, 0.7441511740908027, 0.7613113652914762, 0.6636776505038142, 0.6310123223811388, 0.8060741033405066, 0.7612241804599762, 0.7631246475502849, 0.7365714870393276, 0.7210079487413168, 0.7165100034326315, 0.7962150117382407, 0.7108113812282681]
[18.58590097632259, 0.8254741886630654, 0.64824263099581, 0.6404620287939906, 0.826232336461544, 0.7870851643383503, 0.7975607085973024, 0.7966093616560102, 0.8263015495613217, 0.7195319905877113, 0.832201880402863, 0.7588838739320636, 0.6941422540694475, 0.7902232585474849, 0.7789997654035687, 0.8031543185934424, 0.7829066412523389, 0.7817734973505139]
[19.021510084159672, 0.7832201551645994, 0.7554136859253049, 0.8415005914866924, 0.7345619956031442, 0.7167535498738289, 0.681516831740737, 0.7464831536635756, 0.7020839247852564, 0.6789903677999973, 0.674022407270968, 0.6450113551691175, 0.6558423433452845, 0.8242153031751513, 0.629168052226305, 0.61603401042521, 0.7926372960209846]
[18.95249985717237, 0.63068837672472, 0.689118797890842, 0.690587074495852, 0.696252727881074, 0.6832132479175925, 0.7116034692153335, 0.7955170385539532, 0.6276262262836099, 0.6181036597117782, 0.6965435575693846, 0.7819454437121749, 0.6813520397990942, 0.702688273973763, 0.6170678026974201, 0.6940210554748774, 0.6446708114817739]
[19.54009293112904, 0.7134497407823801, 0.6985556688159704, 0.7901404704898596, 0.7082666419446468, 0.7334314584732056, 0.7492176974192262, 0.7163272146135569, 0.6738361809402704, 0.7011312982067466, 0.7266437904909253, 0.7208458064123988, 0.6901941122487187, 0.7871830239892006, 0.6853440394625068, 0.6812378680333495]
[18.498429267667234, 0.6925560124218464, 0.6674149017781019, 0.76721709407866, 0.6415270613506436, 0.7440176149830222, 0.6893681501969695, 0.7262025540694594, 0.6831516325473785, 0.7270059064030647, 0.7196603380143642, 0.768366358242929, 0.6461790287867188, 0.7756396243348718, 0.7097594393417239]
[19.678611020557582, 0.671240421012044, 0.7652318393811584, 0.7006301730871201, 0.6826251307502389, 0.7355151958763599, 0.7481830129399896, 0.7537904726341367, 0.70035978872329, 0.814239907078445, 0.7629207530990243, 0.6583775300532579, 0.7473996160551906, 0.7860660497099161, 0.6922617414966226]
[19.07833307236433, 0.8481950638815761, 0.701710719615221, 0.7876612395048141, 0.8815638907253742, 0.6966226035729051, 0.709908084012568, 0.8163047665730119, 0.6833451380953193, 0.6567589389160275, 0.819089001044631, 0.758005172945559, 0.7593504842370749, 0.7902761474251747, 0.6981202838942409, 0.7336250310763717, 0.7599538788199425, 0.7056893482804298]
[17.190607184544206, 0.7723677884787321, 0.6700366754084826, 0.8484565792605281, 0.815883363597095, 0.804736590012908, 0.8399423779919744, 0.8312786398455501, 0.7732872404158115, 0.7596238050609827, 0.8518979446962476, 0.7873955108225346, 0.7434254661202431, 0.7669494701549411, 0.7411013804376125, 0.7672493821009994, 0.800769672729075, 0.7806129055097699]
[19.61185099184513, 0.73360959533602, 0.6968271750956774, 0.6968775857239962, 0.7672669338062406, 0.6712110908702016, 0.669867885299027, 0.7664812421426177, 0.6699819918721914, 0.6623104624450207, 0.7930438565090299, 0.7419991325587034, 0.7027081176638603, 0.7365954639390111, 0.6318423449993134, 0.7534791873767972, 0.8009370416402817, 0.7660047644749284]
[18.621124704368412, 0.7690390069037676, 0.7012225138023496, 0.8112216079607606, 0.7832853840664029, 0.7088682055473328, 0.6795855099335313, 0.7937375800684094, 0.7167531112208962, 0.7621532259508967, 0.8390255467966199, 0.7851373972371221, 0.7578371474519372, 0.7968554059043527, 0.7155333422124386, 0.701037060469389, 0.804974683560431, 0.6910914136096835]
[19.521053089760244, 0.6753097400069237, 0.6888171695172787, 0.7657983964309096, 0.7302287751808763, 0.6780571043491364, 0.7782709477469325, 0.7548952978104353, 0.7114932099357247, 0.6645836997777224, 0.7593528041616082, 0.7626856323331594, 0.6820266684517264, 0.7012352235615253, 0.6968330927193165, 0.672766936942935, 0.6761462725698948, 0.7190161356702447]
[14.638718113303185, 2.950794765725732, 0.6830532187595963, 0.7073372192680836, 0.688686290755868, 0.6897413702681661, 0.8130226014181972, 0.6865192670375109, 0.7640435518696904, 0.7057801950722933, 0.767662612721324, 0.7559294691309333, 0.7448638938367367, 0.7097764126956463, 0.8287972640246153, 0.6691513955593109, 0.6925722938030958, 0.7485309559851885]
[18.826045827940106, 0.6722708661109209, 0.6632731575518847, 0.7124688997864723, 0.8043315717950463, 0.675969086587429, 0.7099101012572646, 0.7952842181548476, 0.7320779021829367, 0.691286152228713, 0.7309679677709937, 0.7218818990513682, 0.6612238259986043, 0.7402919940650463, 0.7012484036386013, 0.7622174015268683, 0.7065438712015748, 0.7942039910703897]
[17.655381189659238, 0.6659931801259518, 0.7370423153042793, 0.723476218059659, 0.7614359790459275, 0.6578775737434626, 0.7213725252076983, 0.6821800516918302, 0.7868353789672256, 0.6957749407738447, 0.713103418238461, 0.8001001542434096, 0.656692661345005]
[18.793137593194842, 0.7535253716632724, 0.7263705832883716, 0.7513284729793668, 0.7052527032792568, 0.6977628534659743, 0.7649638345465064, 0.6946351202204823, 0.7192858159542084, 0.6991053037345409, 0.7238403959199786, 0.7038638256490231, 0.7094578789547086, 0.7155161090195179, 0.6553200790658593, 0.7815229119732976, 0.6591774011030793]
[19.34989831596613, 0.7793025560677052, 0.7340050041675568, 0.6545330500230193, 0.7936515221372247, 0.7599895996972919, 0.7166038816794753, 0.7740657618269324, 0.6610649470239878, 0.6668045157566667, 0.7913937019184232, 0.7586027523502707, 0.7898429706692696, 0.7656050445511937, 0.8091082135215402, 0.761723724193871, 0.8335488885641098, 0.6690343618392944]
[19.399203433655202, 0.7917652865871787, 0.7265648264437914, 0.6962630664929748, 0.7666458515450358, 0.7526401113718748, 0.6732409363612533, 0.7979822549968958, 0.7491208547726274, 0.7105237301439047, 0.752937107346952, 0.7645239066332579, 0.8173187859356403, 0.7331341411918402, 0.7092236150056124, 0.7196357706561685, 0.7317898366600275]
[19.562526494264603, 0.7314959848299623, 0.7000733260065317, 0.7251304788514972, 0.8627946553751826, 0.743913066573441, 0.631837141700089, 0.8543378682807088, 0.7547292737290263, 0.7984534185379744, 0.6700026923790574, 0.6212422931566834, 0.7453871089965105, 0.6435674950480461, 0.6483115153387189, 0.6658287849277258, 0.6717132376506925]
[18.708093711175025, 0.7269335985183716, 0.7850470822304487, 0.7678117100149393, 0.7139222109690309, 0.7245686044916511, 0.7086813990026712, 0.6442297175526619, 0.686018779873848, 0.800521188415587, 0.7788282325491309, 0.7112290970981121, 0.7516547292470932, 0.6746977120637894, 0.6290058428421617, 0.6933110831305385, 0.7323000626638532]
[18.228538419120014, 0.7227852093055844, 0.7226868122816086, 0.6885767001658678, 0.7189631760120392, 0.7330437116324902, 0.6896637799218297, 0.7009644657373428, 0.7242536172270775, 0.8245679223909974, 0.6877571754157543, 0.635315315797925, 0.7425489658489823, 0.6884470973163843, 0.6635270267724991, 0.7062850333750248, 0.6514045083895326]
[18.96292588301003, 0.7550079533830285, 0.728533155284822, 0.7505473839119077, 0.6602351637557149, 0.7110652942210436, 0.7493509221822023, 0.7130231689661741, 0.8043614337220788, 0.7826184621080756, 0.7452377593144774, 0.7250253679230809, 0.7149916244670749]
[19.24453624151647, 0.838202366605401, 0.7752012303099036, 0.7292539682239294, 0.7409964604303241, 0.7807875890284777, 0.7515508476644754, 0.7711663553491235, 0.6740025216713548, 0.7985797869041562, 0.8359566675499082, 0.7373062865808606, 0.7971979426220059, 0.9055059682577848, 0.7399463150650263, 0.7928417855873704, 0.7199101699516177, 0.69192108605057]
[18.807390968315303, 0.7731984099373221, 0.7059587556868792, 0.7108819801360369, 0.7265013260766864, 0.7399089774116874, 0.7852077847346663, 0.8236576858907938, 0.8065555803477764, 0.8240802893415093, 0.7477775011211634, 0.7439126837998629, 0.8017868725582957, 0.8965076943859458, 0.7359120808541775, 0.6876145824790001, 0.7929570116102695, 0.8152804402634501]
[19.119639476761222, 0.9135491047054529, 0.7093814751133323, 0.6643761629238725, 0.7490111878141761, 0.622396282851696, 0.7194035928696394, 0.7481287904083729, 0.7182803237810731, 0.6920366650447249, 0.7287087524309754, 0.6619014143943787, 0.7318893857300282, 0.7730780877172947, 0.6623486625030637, 0.707325573079288, 0.7680678572505713, 0.6671375874429941]
[19.295195245184004, 0.8295190948992968, 0.718161384575069, 0.758246460929513, 0.7540360176935792, 0.6708822660148144, 0.8157174810767174, 0.770595726557076, 0.8269915534183383, 0.821317894384265, 0.7249870579689741, 0.7183820111677051, 0.6453266618773341, 0.7216687249019742, 0.7023967755958438, 0.6655971221625805, 0.8053024401888251, 0.7462632609531283]
[18.715385543182492, 0.8124987296760082, 0.7359988512471318, 0.7558590471744537, 0.8204975724220276, 0.7221206044778228, 0.7282089740037918, 0.8791785361245275, 0.8253648476675153, 0.7377474308013916, 0.7765463683754206, 0.6819739518687129, 0.6518916534259915, 0.6586259268224239, 0.6937627289444208, 0.7095008213073015, 0.6791755761951208]
[18.315354593098164, 0.7591618485748768, 0.7452396899461746, 0.6925179464742541, 0.8447385728359222, 0.7484422344714403, 0.7573157409206033, 0.7415771139785647, 0.7806489588692784, 0.7748076962307096, 0.728567280806601, 0.6352495895698667, 0.7015956081449986, 0.6584798479452729, 0.6282584965229034, 0.7793928012251854, 0.663236016407609]
[19.026305478066206, 0.7247389210388064, 0.6551494263112545, 0.7121814023703337, 0.7908349214121699, 0.7583378981798887, 0.7107893535867333, 0.8289244575425982, 0.6935585951432586, 0.7162037054076791, 0.7601930173113942, 0.6509595438838005, 0.6746516041457653, 0.8212835509330034, 0.718217883259058, 0.6716127907857299, 0.7455083392560482, 0.7310237409546971]
[19.6555643863976, 0.8128346297889948, 0.6472727507352829, 0.7610577968880534, 0.8053071480244398, 0.8386800279840827, 0.8382507264614105, 0.834538834169507, 0.695267217233777, 0.6533859986811876, 0.8637038785964251, 0.7769294623285532, 0.6809709575027227, 0.8104543592780828, 0.6735953586176038, 0.6534502189606428, 0.7777665993198752, 0.7654173616319895]
[19.07181158196181, 0.6993116606026888, 0.7001060778275132, 0.7205956233665347, 0.7887954330071807, 0.6597851337864995, 0.6719712466001511, 0.7558435881510377, 0.6878522913902998, 0.7808663351461291, 0.7800128981471062, 0.7341538053005934, 0.8062435407191515, 0.700562053360045, 0.6195331299677491, 0.6514881700277328, 0.7855834579095244]
[18.38329286687076, 0.7263885987922549, 0.7038221741095185, 0.7449787054210901, 0.787047223187983, 0.74460494145751, 0.7307502925395966, 0.7941737808287144, 0.737317992374301, 0.6668388471007347, 0.7554254662245512, 0.6935522798448801, 0.7074306607246399, 0.7857295898720622, 0.6580295572057366, 0.7509517231956124, 0.6718827541917562, 0.6189484531059861]
[19.604311423376203, 0.8000092441216111, 0.8039943166077137, 0.7087000934407115, 0.8156712837517262, 0.7216196227818727, 0.7166888993233442, 0.79009969253093, 0.7184359803795815, 0.6928335530683398, 0.6959579261019826, 0.833969809114933, 0.7062568962574005, 0.7825212590396404, 0.7006301805377007, 0.7198206270113587]
[18.089224014431238, 0.7990812892094254, 0.7326759044080973, 0.6636750791221857, 0.7401217492297292, 0.765101345255971, 0.658758357167244, 0.7397940494120121, 0.7694227462634444, 0.7446587150916457, 0.7513577463105321, 0.8347005490213633, 0.7333227843046188]
[18.68471235781908, 0.6809061449021101, 0.6101045981049538, 0.586460460908711, 0.7976437536999583, 0.7896694773808122, 0.7000549538061023, 0.7250101771205664, 0.6785307908430696, 0.666650615632534, 0.6714481273666024, 0.7572810212150216, 0.6809899862855673, 0.7594989398494363, 0.6582295233383775, 0.650666031986475]
