[19.342857548967004, 0.19378102396149188, 0.204033461981453, 0.2672229560557753, 0.20719652099069208, 0.20422427193261683, 0.2499005909776315, 0.23289212794043124, 0.1987427050480619, 0.23324057599529624, 0.19832672108896077, 0.20588800602126867, 0.27665009209886193, 0.2633795599685982, 0.2798122930107638, 0.21978735993616283, 0.2493686630623415, 0.2244728241348639, 0.24393160501495004, 0.3167543449671939, 0.27939645294100046, 0.23549244401510805, 0.22968375496566296, 0.2234237059019506, 0.24376127892173827, 0.2456196779385209, 0.24658415012527257, 0.2389348209835589, 0.20354483695700765, 0.22046782018151134, 0.2711330320453271, 0.22012717998586595, 0.2546818269183859, 0.24819968198426068, 0.2808171969372779, 0.25983381795231253, 0.2140907400753349, 0.28159947402309626, 0.20486856997013092, 0.20844767801463604, 0.2364191800588742, 0.2709231689805165, 0.20091880299150944, 0.26804898597765714, 0.23298583005089313, 0.24704206606838852, 0.3125806929310784, 0.24611268809530884, 0.21967712906189263, 0.23701725795399398, 0.27049551997333765, 0.2172941070748493, 0.27282461198046803, 0.2840893380343914, 0.23701967915985733, 0.22245911392383277, 0.23406591115053743, 0.24267771211452782, 0.21907285903580487, 0.21856529591605067, 0.26539286808110774, 0.2637918379623443, 0.2186310988618061, 0.2522206420544535, 0.2722659520804882, 0.21379132103174925, 0.2161971350433305, 0.1990891790483147, 0.20744425698649138, 0.20800736208911985, 0.29879686003550887, 0.23553547204937786, 0.2675854340195656, 0.26750472106505185, 0.23020613694097847, 0.2296217610128224, 0.2858161808690056, 0.25400061008986086, 0.22771731589455158, 0.2177614311221987, 0.23669702000916004, 0.23233167198486626, 0.2602170141180977, 0.22927469096612185, 0.20470299397129565, 0.23011329909786582, 0.26416698296088725, 0.21941087604500353, 0.23097238701302558, 0.2046616111183539, 0.2475470049539581, 0.2883935980498791, 0.2082151579670608, 0.2393118990585208, 0.1968962560640648, 0.22692638298030943, 0.20407673285808414, 0.2562826218781993, 0.2410278560128063, 0.20792521093972027]
[20.145415995968506, 0.2066697970731184, 0.2162060730624944, 0.23007180111017078, 0.2365477909334004, 0.21032491500955075, 0.23551504698116332, 0.25409091904293746, 0.19863099209032953, 0.2327604900347069, 0.22203397809062153, 0.23748926597181708, 0.24156713718548417, 0.27822578500490636, 0.2252013930119574, 0.23266803997103125, 0.24364897597115487, 0.28449428593739867, 0.2311924360692501, 0.24110788595862687, 0.272281309007667, 0.28538194787688553, 0.2604888021014631, 0.2598034731345251, 0.2519946430111304, 0.21218333498109132, 0.23912004102021456, 0.23175141401588917, 0.3040433240821585, 0.24976760102435946, 0.29257272090762854, 0.2530294880270958, 0.2467793879332021, 0.20321454806253314, 0.24962787691038102, 0.22425832808949053, 0.2022176719037816, 0.21484425698872656, 0.2803934650728479, 0.2747162689920515, 0.3213357139611617, 0.2386843670392409, 0.2620316279353574, 0.2195197599940002, 0.25910071306861937, 0.21914607100188732, 0.2227283719694242, 0.23453781311400235, 0.23896872799377888, 0.28334815602283925, 0.20470587105955929, 0.30089602095540613, 0.26188835001084954, 0.2681481559993699, 0.2381090420531109, 0.24402824509888887, 0.25389908999204636, 0.25371892703697085, 0.2507662329589948, 0.26531495002564043, 0.20359585504047573, 0.25586274988017976, 0.2081264890730381, 0.22359595191664994, 0.21975413395557553, 0.20819655910599977, 0.23534114100039005, 0.30553034192416817, 0.305835327017121, 0.23107631201855838, 0.2607992469565943, 0.2785897890571505, 0.27388046705164015, 0.2588918439578265, 0.30233454110566527, 0.25762256293091923, 0.20766396797262132, 0.20892203587573022, 0.27363115292973816, 0.266000012983568, 0.27160579594783485, 0.21982938086148351, 0.2589280540123582, 0.29808867105748504, 0.25523519807029516, 0.24081936897709966, 0.2625261639477685, 0.2265117730712518, 0.2748915118863806, 0.25385209592059255, 0.21079073706641793, 0.22163936798460782, 0.2723538060672581, 0.20474942796863616, 0.2561193030560389, 0.23975579615216702, 0.2784370960434899, 0.296445426880382, 0.24581127695273608, 0.24794253695290536]
[20.50257034902461, 0.2561109330272302, 0.22769483411684632, 0.22505164588801563, 0.22657582606188953, 0.27643242303747684, 0.20757418195717037, 0.22556448495015502, 0.20920694805681705, 0.2560676480643451, 0.24348749604541808, 0.23061120708007365, 0.2022243090905249, 0.20553485094569623, 0.23507006908766925, 0.2423727089772001, 0.25463659514207393, 0.2148695420473814, 0.19466926087625325, 0.2783775320276618, 0.20893251500092447, 0.23976610403042287, 0.2695637888973579, 0.28089277097024024, 0.2561089900555089, 0.23051364696584642, 0.23739293788094074, 0.25272916501853615, 0.2418505569221452, 0.2857222310267389, 0.2477688150247559, 0.21364551701117307, 0.242846115026623, 0.2949336889432743, 0.2628534019459039, 0.23485377395991236, 0.2121828410308808, 0.306226129992865, 0.2668315989430994, 0.25917075597681105, 0.24817954003810883, 0.28178876894526184, 0.21005794999655336, 0.2512422470608726, 0.23858095100149512, 0.24421291600447148, 0.26411596196703613, 0.24633462307974696, 0.23407005693297833, 0.2633853229926899, 0.25906039110850543, 0.23748641996644437, 0.2538160269614309, 0.2376641338923946, 0.2727789309574291, 0.24007018003612757, 0.22939233295619488, 0.25288017897401005, 0.28239023010246456, 0.2580294470535591, 0.2207045580726117, 0.2227063679601997, 0.27653026091866195, 0.2282348790904507, 0.234207101049833, 0.2906789210392162, 0.24093828711193055, 0.30591369897592813, 0.20770721998997033, 0.2603587780613452, 0.2508952310308814, 0.20853011996950954, 0.2706242859130725, 0.21210536605212837, 0.2240232831100002, 0.2267731549218297, 0.23334215802606195, 0.20250317791942507, 0.23191582597792149, 0.23000895197037607, 0.22049797989893705, 0.20447905594483018, 0.20792875601910055, 0.23940845800098032, 0.31857783684972674, 0.2511401759693399, 0.26346619811374694, 0.20764660986606032, 0.23060768691357225, 0.24830906209535897, 0.2440206550527364, 0.2918897659983486, 0.23558385705109686, 0.26568065490573645, 0.2494711431208998, 0.2534622709499672, 0.2218696461059153, 0.3029444820713252, 0.22062806598842144]
[21.183838810073212, 0.2877046789508313, 0.22057550703175366, 0.20343082305043936, 0.20290258491877466, 0.22853526007384062, 0.21087080088909715, 0.24104251991957426, 0.24895271798595786, 0.21444757899735123, 0.2847142009995878, 0.24029757094103843, 0.2634820240782574, 0.23331690405029804, 0.24010582198388875, 0.24283903988543898, 0.2311876571038738, 0.26852633187081665, 0.2501478500198573, 0.21127674193121493, 0.22734216204844415, 0.22845416702330112, 0.26588213397189975, 0.2582216700538993, 0.27953187993261963, 0.22517542203422636, 0.22751272795721889, 0.26998481492046267, 0.24681625608354807, 0.2123279320076108, 0.23639842204283923, 0.2274663259740919, 0.2683551430236548, 0.20414992899168283, 0.2549556859303266, 0.20472723990678787, 0.2166140740737319, 0.26319364190567285, 0.24577909300569445, 0.2323941191425547, 0.2148879769956693, 0.25820746703539044, 0.3169879629276693, 0.2930423329817131, 0.28842880099546164, 0.2102013889234513, 0.26302196306642145, 0.2642478630878031, 0.20697873702738434, 0.23311774898320436, 0.256859882036224, 0.26653594709932804, 0.22000761213712394, 0.215316383051686, 0.2655447870492935, 0.26981554203666747, 0.23397152707912028, 0.26033763389568776, 0.20259140303824097, 0.22406719997525215, 0.25186447496525943, 0.19567336805630475, 0.2649604439502582, 0.3117914979811758, 0.26617352408356965, 0.2182998718926683, 0.23944695992395282, 0.23420601908583194, 0.21297281293664128, 0.2872537610819563, 0.2484431299380958, 0.29506901907734573, 0.24413716106209904, 0.26016116596292704, 0.22981836996041238, 0.2632383879972622, 0.24807304400019348, 0.2766578688751906, 0.25701837602537125, 0.26681477308738977, 0.26251079491339624, 0.2605677960673347, 0.267107572988607, 0.22997051908168942, 0.23559585795737803, 0.28626149194315076, 0.21728558011818677, 0.26540681603364646, 0.2640762849478051, 0.2851182040758431, 0.2496420800453052, 0.2677919501438737, 0.20145693002268672, 0.2390340700512752, 0.2113051119958982, 0.25637121009640396, 0.21094478701706976, 0.20167403004597872, 0.22260937502142042]
[21.193100623902865, 0.2674891729839146, 0.2133796859998256, 0.263964710989967, 0.21520558290649205, 0.20306358393281698, 0.24546435195952654, 0.22881118906661868, 0.22111348598264158, 0.3116977771278471, 0.2546599309425801, 0.29511513106990606, 0.2722802029456943, 0.2931546838954091, 0.24167413311079144, 0.2410696588922292, 0.22006709082052112, 0.23030260601080954, 0.28099876001942903, 0.2886118560563773, 0.2761577609926462, 0.32883515290450305, 0.2792573410551995, 0.23520993604324758, 0.2425103971036151, 0.2867019729455933, 0.23158931301441044, 0.257169884047471, 0.24002022901549935, 0.24364723404869437, 0.23392616806086153, 0.244094648049213, 0.22118878294713795, 0.2735874360660091, 0.26282135397195816, 0.22188865998759866, 0.23609429609496146, 0.25677013699896634, 0.26593785802833736, 0.23771920800209045, 0.20729072601534426, 0.27267805114388466, 0.23737073491793126, 0.20578045898582786, 0.20589343190658838, 0.23839167901314795, 0.26873010711278766, 0.2374687650008127, 0.27137892693281174, 0.2193394770147279, 0.25545053998939693, 0.23005963198374957, 0.23193128197453916, 0.2070946549065411, 0.24028000398539007, 0.21357945096679032, 0.21029262105003, 0.24663585203234106, 0.20714720990508795, 0.2397538849618286, 0.23715632397215813, 0.2685922470409423, 0.270967994001694, 0.28210747498087585, 0.21172150108031929, 0.23938585701398551, 0.21986818499863148, 0.25818810192868114, 0.24034695804584771, 0.2606469769962132, 0.26860673585906625, 0.24217444693204015, 0.21188038494437933, 0.2549747279845178, 0.21549531794153154, 0.231564721907489, 0.23925769899506122, 0.2742528000380844, 0.20926263905130327, 0.23010943294502795, 0.2328120230231434, 0.20838942204136401, 0.2596888770349324, 0.23049474298022687, 0.25760669191367924, 0.20842171495314687, 0.26386296411510557, 0.20836041402071714, 0.20447016099933535]
[20.512592462007888, 0.23328962305095047, 0.3002689171116799, 0.27874880202580243, 0.2929602599469945, 0.23398087883833796, 0.2291167170042172, 0.20215617399662733, 0.24755878001451492, 0.2403092859312892, 0.24030641396529973, 0.22733200795482844, 0.2611098469933495, 0.29859216196928173, 0.23769133794121444, 0.22726238402538002, 0.3051803279668093, 0.2962215479929, 0.3208259640960023, 0.29896027594804764, 0.31037267204374075, 0.3183893128298223, 0.2996759400703013, 0.303008190006949, 0.22396422899328172, 0.2116398880025372, 0.2739804279990494, 0.26783340191468596, 0.1980061219073832, 0.22483654401730746, 0.2196432879427448, 0.21978765598032624, 0.20466762804426253, 0.2085163809824735, 0.24522545107174665, 0.24010787205770612, 0.24146624410059303, 0.23278108204249293, 0.2374189900001511, 0.2519536130130291, 0.3356113110203296, 0.3050961011322215, 0.21415967599023134, 0.23684653593227267, 0.32982283493038267, 0.2928596449783072, 0.23388848104514182, 0.2780082750832662, 0.2214600050356239, 0.24643742793705314, 0.24266363598871976, 0.2684900190215558, 0.19906139699742198, 0.27130788704380393, 0.2682926980778575, 0.22601982997730374, 0.2722859620116651, 0.272461881977506, 0.23137101298198104, 0.24111618590541184, 0.29359381401445717, 0.322027993039228, 0.33618858794216067, 0.29944204702042043, 0.3043256839737296, 0.31526928301900625, 0.31731184595264494, 0.23616292711813003, 0.308017113013193, 0.3263045169878751, 0.26539274503011256, 0.22670623497106135, 0.28297725110314786, 0.20263705495744944, 0.2199680149788037, 0.29501249408349395, 0.2611803370527923, 0.2403989911545068, 0.2525329029886052, 0.25106175895780325, 0.26753562595695257, 0.2310263579711318, 0.23589664592873305, 0.21353212790563703, 0.21043818583711982, 0.20947358792182058, 0.2208382849348709, 0.24056827102322131, 0.2335474950959906, 0.23095646512228996, 0.27304739598184824, 0.2510281939757988, 0.29524609388317913, 0.24736915505491197, 0.2089764439733699, 0.28505160193890333, 0.24249741598032415, 0.24861684802453965, 0.2963572781300172, 0.23110127705149353]
[19.076754559995607, 0.18822510610334575, 0.22171391907613724, 0.2554447250440717, 0.25309624802321196, 0.1976473800605163, 0.22963662503752857, 0.25351818196941167, 0.2420964629855007, 0.18171493709087372, 0.2262228219769895, 0.25919648399576545, 0.2536112080560997, 0.21919466007966548, 0.19749932491686195, 0.25628142803907394, 0.19652578106615692, 0.21985722507815808, 0.2338329639751464, 0.2597436140058562, 0.2555851200595498, 0.2483996138907969, 0.24356802296824753, 0.22925222502090037, 0.22517271805554628, 0.24385753506794572, 0.25829890510067344, 0.2614796489942819, 0.20737279392778873, 0.19746018294245005, 0.20623316208366305, 0.3027383320732042, 0.23673237499315292, 0.21207205206155777, 0.25687701790593565, 0.2836995079414919, 0.26193041598889977, 0.22198426199611276, 0.20084136293735355, 0.271286261966452, 0.20370380103122443, 0.2595158660551533, 0.2736016499111429, 0.26125244388822466, 0.2082657419377938, 0.2228736289544031, 0.21806127403397113, 0.2177591030485928, 0.19632505404297262, 0.2514260979369283, 0.25421620288398117, 0.27874267601873726, 0.2618907039286569, 0.2301237400388345, 0.24267459998372942, 0.28240701789036393, 0.3104774890234694, 0.2548130269860849, 0.2238112670602277, 0.21474679105449468, 0.22268470388371497, 0.27779719699174166, 0.2936172529589385, 0.2931717340834439, 0.3190941499779001, 0.2565851039253175, 0.23757347697392106, 0.302460235892795, 0.28354373609181494, 0.2157504679635167, 0.20392802101559937, 0.18888476002030075, 0.24430646805558354, 0.2564278859645128, 0.22498860501218587, 0.22584739688318223, 0.24304265505634248, 0.30203824606724083, 0.24091761908493936, 0.26965673093218356, 0.23231328104157, 0.2330995909869671, 0.23956888110842556, 0.25412307493388653, 0.2883062979672104, 0.2532794600119814, 0.2490072390064597, 0.2815012199571356, 0.19514672888908535, 0.19831497699487954, 0.2049814279889688, 0.2203916859580204, 0.23966436402406543, 0.26151170197408646, 0.23577462101820856, 0.20185467589180917, 0.21886599506251514, 0.1958514000289142, 0.2425713250413537, 0.22157319204416126]
[20.66579570597969, 0.2729538369458169, 0.26127256301697344, 0.23501146084163338, 0.23927890905179083, 0.26539897883776575, 0.22674793400801718, 0.23874976194929332, 0.23948358511552215, 0.23650966596323997, 0.21479418489616364, 0.2051091770408675, 0.20805876597296447, 0.21118269709404558, 0.305173929897137, 0.2742286219727248, 0.3023235220462084, 0.21906482405029237, 0.25739937799517065, 0.23349286301527172, 0.33885726786684245, 0.25926043500658125, 0.31690454680938274, 0.27256926405243576, 0.2549650321016088, 0.25446274096611887, 0.29156310902908444, 0.2358062929706648, 0.23901972989551723, 0.25400028796866536, 0.20661085401661694, 0.2767406029161066, 0.23900548904202878, 0.2492537759244442, 0.2416275020223111, 0.27991124894469976, 0.3004495030036196, 0.30243418202735484, 0.26153584895655513, 0.25598932802677155, 0.24494169501122087, 0.2632704999996349, 0.2316291710594669, 0.22963126900140196, 0.24723755905870348, 0.2591532920487225, 0.2114831799408421, 0.24165205901954323, 0.23361275100614876, 0.24662251002155244, 0.22012389893643558, 0.20876616099849343, 0.2462699969764799, 0.3227174080675468, 0.23183030192740262, 0.21990298794116825, 0.2062386330217123, 0.28886352898553014, 0.2040297120111063, 0.21760457602795213, 0.23335026809945703, 0.24812360492069274, 0.2117897430434823, 0.3027730690082535, 0.24485671997535974, 0.22989373200107366, 0.24702729703858495, 0.24317368702031672, 0.22884481097571552, 0.23646484594792128, 0.2051004390232265, 0.23619901610072702, 0.20759842509869486, 0.23980655800551176, 0.2174540589330718, 0.23202248103916645, 0.22171313199214637, 0.23085953202098608, 0.2478123540058732, 0.29376413708087057, 0.3164203759515658, 0.2119737530592829, 0.21475014998577535, 0.24381838296540082, 0.21597656689118594, 0.2572188399499282, 0.2014067490817979, 0.22743311699014157, 0.24519135197624564, 0.1988348220475018, 0.23333528393413872, 0.2285864040022716, 0.23185494204517454, 0.29165307816583663, 0.24024535808712244, 0.26836371107492596, 0.23468376707751304, 0.20913961995393038, 0.20450753695331514, 0.2664283220656216]
[18.86252491408959, 0.20046658301725984, 0.2135299820220098, 0.20700468588620424, 0.21570673608221114, 0.19120927702169865, 0.18380283704027534, 0.18602473195642233, 0.2160283848643303, 0.19560935092158616, 0.24241409497335553, 0.2137024321127683, 0.23539425490889698, 0.22298929607495666, 0.21185538196004927, 0.22498078306671232, 0.2412945800460875, 0.2091840449720621, 0.24398892000317574, 0.2469284349353984, 0.24727766402065754, 0.26444180111866444, 0.2762979610124603, 0.2481160560855642, 0.27335621207021177, 0.2930410320404917, 0.20969932503066957, 0.24276684504002333, 0.23013449099380523, 0.22564481804147363, 0.2360375359421596, 0.2615626680199057, 0.25463912601117045, 0.2725023441016674, 0.21005345997400582, 0.26407693105284125, 0.26647376001346856, 0.19883603195194155, 0.22083756187930703, 0.23037979484070092, 0.2185316380346194, 0.23153665789868683, 0.22614796902053058, 0.22250537399668247, 0.22152786201331764, 0.2682517149951309, 0.21325688797514886, 0.22893872309941798, 0.2403843419160694, 0.22369285603053868, 0.2160896899877116, 0.2154653340112418, 0.22938172495923936, 0.20442626101430506, 0.21675317594781518, 0.2111216300399974, 0.2298870930681005, 0.22752896999008954, 0.2136462478665635, 0.285114047001116, 0.26869516307488084, 0.2419230560772121, 0.23027894902043045, 0.20836183708161116, 0.2615366328973323, 0.27899225195869803, 0.26468931301496923, 0.23003332305233926, 0.21950431901495904, 0.2652543040458113, 0.2256876629544422, 0.24781621887814254, 0.2265537059865892, 0.2501605380093679, 0.26687208702787757, 0.24078182491939515, 0.2164104828843847, 0.22248485300224274, 0.25270987395197153, 0.2580898159649223, 0.240285232081078, 0.24004303093533963, 0.24910858401563019, 0.22594943502917886, 0.2527000809786841, 0.22453679086174816, 0.24007059610448778, 0.30647922202479094, 0.23733591591008008, 0.20792759396135807, 0.20864525204524398, 0.21457480092067271, 0.22155202901922166, 0.20499608293175697, 0.26105024002026767, 0.22269562794826925, 0.24618709890637547]
[19.778429360012524, 0.1902796010253951, 0.1844395638909191, 0.19268389407079667, 0.19019006693270057, 0.236880642012693, 0.24169179413001984, 0.1994371300097555, 0.21858279907610267, 0.21011152700521052, 0.22700502898078412, 0.23481646098662168, 0.24981657310854644, 0.2741286220261827, 0.23996327293571085, 0.3060895249946043, 0.2582411121111363, 0.21021878498140723, 0.2554375361651182, 0.25642844510730356, 0.24923566495999694, 0.2278692330000922, 0.2566511769546196, 0.2441376248607412, 0.24836742610204965, 0.25271203194279224, 0.24103088304400444, 0.2094108370365575, 0.2120453689713031, 0.21675575990229845, 0.2451291709439829, 0.26147680496796966, 0.23307127610314637, 0.23207230202388018, 0.24254573904909194, 0.21759867505170405, 0.22344707511365414, 0.20454731106292456, 0.21970030013471842, 0.21724604803603142, 0.21831058291718364, 0.2785901159513742, 0.23199293506331742, 0.2615394189488143, 0.26949326193425804, 0.2141526109771803, 0.20308853196911514, 0.21188559592701495, 0.21020837896503508, 0.22686002997215837, 0.22055236902087927, 0.2111612110165879, 0.2617593741742894, 0.24051795795094222, 0.24814773118123412, 0.26783779403194785, 0.22293932002503425, 0.25908893800806254, 0.26276004198007286, 0.22210402693599463, 0.2144910889910534, 0.23598824604414403, 0.24881796597037464, 0.231677292031236, 0.23791320412419736, 0.26797265000641346, 0.23679745895788074, 0.2060783930355683, 0.2284527049632743, 0.22796780499629676, 0.20816470705904067, 0.20963115897029638, 0.20503837999422103, 0.22199338593054563, 0.21631082193925977, 0.21517550700809807, 0.2602833821438253, 0.24270938395056874, 0.24461399507708848, 0.24314140912611037, 0.2095989709487185, 0.21067791688255966, 0.2138120390009135, 0.2227898290148005, 0.26600833307020366, 0.24254799401387572, 0.20566267904359847, 0.215682314010337, 0.2048024368705228, 0.218939078040421, 0.2346745190443471, 0.22180840198416263, 0.26300849695689976, 0.2819131489377469, 0.2541697712149471, 0.26311671105213463, 0.2615061141550541, 0.24299946706742048, 0.22935002809390426, 0.19928137899842113]
[20.033911519916728, 0.26643047691322863, 0.1954561839811504, 0.21806270896922797, 0.21980107808485627, 0.2544656019890681, 0.24275946093257517, 0.2420184900984168, 0.19961971114389598, 0.23858885106164962, 0.22449414792936295, 0.21240288496483117, 0.2725222250446677, 0.19794643204659224, 0.23506252898368984, 0.27950792806223035, 0.24291551706846803, 0.2114308528834954, 0.2567214919254184, 0.2862824129406363, 0.27726377407088876, 0.2287374879233539, 0.24211298895534128, 0.22101594205014408, 0.2392357410863042, 0.26062789699062705, 0.2780387089587748, 0.2212134370347485, 0.23364433296956122, 0.23545637913048267, 0.21665910095907748, 0.2400574830826372, 0.23476079292595387, 0.298567394958809, 0.20967563998419791, 0.22737061709631234, 0.22084739804267883, 0.235868165967986, 0.21339665993582457, 0.23940475401468575, 0.2387021139729768, 0.24987445201259106, 0.2630720849847421, 0.21684136893600225, 0.20444871089421213, 0.21093013999052346, 0.22290505992714316, 0.23377300694119185, 0.25040974491275847, 0.21516052912920713, 0.23723192105535418, 0.23296381894033402, 0.23570299800485373, 0.24697248300071806, 0.22202021698467433, 0.29587760695721954, 0.23102726694196463, 0.21338888118043542, 0.1981394321192056, 0.23442957014776766, 0.24647996795829386, 0.23796127294190228, 0.20723483397159725, 0.24807383597362787, 0.21786656498443335, 0.24961060902569443, 0.24890528700780123, 0.20097480399999768, 0.21755316795315593, 0.21022322191856802, 0.24799545702990144, 0.24793381290510297, 0.22755368205253035, 0.24672283290419728, 0.24925156601238996, 0.23171160696074367, 0.24514498002827168, 0.28297408390790224, 0.2623788269702345, 0.23837263393215835, 0.23708846198860556, 0.2692285149823874, 0.26609951711725444, 0.25776577298529446, 0.2855624360963702, 0.23619770410005003, 0.2213808948872611, 0.20040109509136528, 0.2681084871292114, 0.29417812381871045, 0.25430751498788595, 0.23449023196008056, 0.22748417512048036, 0.21572810714133084, 0.2333672649692744, 0.29810498794540763, 0.20883662498090416, 0.2077935670968145, 0.20961641799658537, 0.2558987309457734]
[20.69572577998042, 0.2406452220166102, 0.2315640531014651, 0.20775980211328715, 0.21741592895705253, 0.2177115639206022, 0.2703818358713761, 0.23681911698076874, 0.2478920230641961, 0.22264867497142404, 0.20684925292152911, 0.22964984911959618, 0.20289929199498147, 0.22504903201479465, 0.2548945479793474, 0.25787282385863364, 0.20800999598577619, 0.22149619297124445, 0.2663307870971039, 0.3042604860384017, 0.26565346505958587, 0.2361313570290804, 0.2371874989476055, 0.2350805380847305, 0.21912928903475404, 0.23067111405543983, 0.2326755910180509, 0.2007368829799816, 0.2247524990234524, 0.20778273895848542, 0.2023556970525533, 0.2806737859500572, 0.2075082310475409, 0.26317879103589803, 0.2709881820483133, 0.2620659159729257, 0.19938659202307463, 0.22251124307513237, 0.2501677939435467, 0.22633106692228466, 0.2014894230524078, 0.2083348329178989, 0.26103104604408145, 0.24767786310985684, 0.22903668496292084, 0.274848339962773, 0.20320865791290998, 0.21748834603931755, 0.28812927089165896, 0.27005614701192826, 0.2566096769878641, 0.21688049787189811, 0.24778272700496018, 0.20783918187953532, 0.21820919995661825, 0.21407995512709022, 0.25029442994855344, 0.22059629601426423, 0.19767234195023775, 0.23659275809768587, 0.22932624095119536, 0.2104806910501793, 0.21098492899909616, 0.24955165502615273, 0.2282173929270357, 0.25134368299040943, 0.23275199497584254, 0.20467556593939662, 0.251603001030162, 0.21008102397900075, 0.22756078490056098, 0.27594450500328094, 0.26538979005999863, 0.22138475999236107, 0.21153431793209165, 0.24110154900699854, 0.21580242807976902, 0.20831751800142229, 0.24194787302985787, 0.2586229080334306, 0.2021505628945306, 0.234515844960697, 0.2024115410167724, 0.22297366696875542, 0.21709697088226676, 0.2060399140464142, 0.26145206205546856, 0.22286049590911716, 0.266318725887686, 0.23129023995716125, 0.2250994259957224, 0.2000069150235504, 0.2082904048729688, 0.25841173087246716, 0.2785982299828902, 0.27395686495583504, 0.24408977187704295, 0.21079324302263558, 0.2132674129679799, 0.21751379396300763]
[19.619034769013524, 0.18639236502349377, 0.23004701803438365, 0.21287890104576945, 0.21267368097323924, 0.2435194969875738, 0.2353286580182612, 0.2688703929306939, 0.2029284369200468, 0.24201961304061115, 0.22967466700356454, 0.2699618738843128, 0.25970952003262937, 0.19953883707057685, 0.19968849897850305, 0.22638573101721704, 0.2262350170640275, 0.21939739992376417, 0.27038550609722733, 0.2703542480012402, 0.25409547705203295, 0.1960829949239269, 0.26410760602448136, 0.23152413999196142, 0.21267520694527775, 0.22836787509731948, 0.30419575003907084, 0.2879241780610755, 0.2720209228573367, 0.27953426691237837, 0.2661531389458105, 0.2447487050667405, 0.25320581707637757, 0.2175071518868208, 0.20859496295452118, 0.28413643897511065, 0.24092100304551423, 0.29720863699913025, 0.28886398603208363, 0.23985967389307916, 0.23765512509271502, 0.20445860002655536, 0.2373352290596813, 0.20901265006978065, 0.24662243097554892, 0.20587188901845366, 0.2349041630513966, 0.21377328597009182, 0.2065705800196156, 0.22368845192249864, 0.23534629307687283, 0.26415379298850894, 0.2724890060489997, 0.21913385903462768, 0.24388415203429759, 0.2098598531447351, 0.26526112598367035, 0.24209935497492552, 0.23493208491709083, 0.23794873792212456, 0.2071200410136953, 0.27579856803640723, 0.24083671893458813, 0.21186547097750008, 0.22508980601560324, 0.24493888299912214, 0.21456291491631418, 0.21532656205818057, 0.27876824303530157, 0.21463924401905388, 0.25143431895412505, 0.20518394000828266, 0.22316000401042402, 0.21821503597311676, 0.20379674108698964, 0.21887338312808424, 0.23695880593732, 0.2765683411853388, 0.22422791295684874, 0.2241453950991854, 0.2359845220344141, 0.24723581597208977, 0.23963411012664437, 0.26129291590768844, 0.2441413210472092, 0.24525951500982046, 0.22349975816905499, 0.19606721098534763, 0.21125250204931945, 0.2496650500688702, 0.23637074301950634, 0.2544558609370142, 0.26020942395552993, 0.23171191103756428, 0.21203545201569796, 0.22928486415185034, 0.2071942990878597, 0.21010937402024865, 0.23881134809926152, 0.26877072488423437]
[21.043650940060616, 0.25564673205371946, 0.2044567170087248, 0.2014886710094288, 0.23599341104272753, 0.227658272953704, 0.20775699499063194, 0.2691927229752764, 0.23313401802442968, 0.20848398003727198, 0.21277051698416471, 0.27988737798295915, 0.24992685101460665, 0.23710651707369834, 0.2023757848655805, 0.26294609310571104, 0.24117723503150046, 0.20684937108308077, 0.22440125793218613, 0.24335633602458984, 0.24047406110912561, 0.3282654050271958, 0.21316826296970248, 0.23834218096453696, 0.22106344695203006, 0.2715477760648355, 0.33868867403361946, 0.28954253206029534, 0.2661291849799454, 0.20316165185067803, 0.21489795704837888, 0.2680403079139069, 0.2667208130005747, 0.22593789594247937, 0.20330550405196846, 0.2566119999391958, 0.21808557701297104, 0.26246952498331666, 0.25130050897132605, 0.2586870309896767, 0.22357860207557678, 0.20648853003513068, 0.261149934027344, 0.2506602149223909, 0.21117315092124045, 0.3097342379624024, 0.2639965449925512, 0.23095669597387314, 0.26968332298565656, 0.24523037916515023, 0.23845976998563856, 0.21466482896357775, 0.20373752305749804, 0.27262897603213787, 0.2874185839900747, 0.2675099950283766, 0.19957290997263044, 0.23638905910775065, 0.23935101099777967, 0.24652248702477664, 0.2506765299476683, 0.2238577058305964, 0.21915049594826996, 0.2000342319952324, 0.24079909012652934, 0.20707141095772386, 0.20212341903243214, 0.21738500194624066, 0.2626522791106254, 0.21236255893018097, 0.23149886599276215, 0.19738417398184538, 0.26193193905055523, 0.25960969692096114, 0.25057474186178297, 0.2986950260819867, 0.2648327829083428, 0.21370623912662268, 0.27264436602126807, 0.2696849829517305, 0.2425225970800966, 0.2577592309098691, 0.2059997000033036, 0.2565044380025938, 0.26286540913861245, 0.2299957398790866, 0.22987628099508584, 0.22591790498699993, 0.20199667604174465, 0.24706782295834273, 0.20235654606949538, 0.26721697102766484, 0.25917366810608655, 0.2672995701432228, 0.19471974798943847, 0.23841427802108228, 0.2790091601200402, 0.23301939596422017, 0.2296654930105433, 0.2522090880665928]
[19.8189256710466, 0.1851589479483664, 0.19622693199198693, 0.20913102698978037, 0.1903117410838604, 0.22646961908321828, 0.2344582008663565, 0.2558875739341602, 0.2529303201008588, 0.23125429393257946, 0.19027351890690625, 0.22213715501129627, 0.24200363096315414, 0.24284741596784443, 0.21663118002470583, 0.24782025499735028, 0.24777364905457944, 0.2003190249670297, 0.23408065806142986, 0.28216456004884094, 0.23972636309918016, 0.25901887693908066, 0.22325276490300894, 0.22867720003705472, 0.27720115205738693, 0.23247185198124498, 0.3124937230022624, 0.26281279290560633, 0.23456947109661996, 0.2191008951049298, 0.22278138995170593, 0.22294473904184997, 0.23582217493094504, 0.2354142339900136, 0.22864671191200614, 0.24323766806628555, 0.21655089792329818, 0.24793762201443315, 0.23495202895719558, 0.24621106998529285, 0.23776220495346934, 0.2706122489180416, 0.2365285470150411, 0.23758731107227504, 0.24893026903737336, 0.21563623705878854, 0.20881738408934325, 0.22766329115256667, 0.2619508870411664, 0.26777744002174586, 0.21453696605749428, 0.2993809290928766, 0.2159408680163324, 0.2717723520472646, 0.24613116984255612, 0.2170023920480162, 0.2129483650205657, 0.2730692280456424, 0.27533451397903264, 0.2039030441083014, 0.23665575392078608, 0.2171897660009563, 0.19306022790260613, 0.3036224191309884, 0.2500532240374014, 0.2142711030319333, 0.2550646889721975, 0.2703516980400309, 0.25357213302049786, 0.21053800999652594, 0.3249638669658452, 0.28515238501131535, 0.2083539660088718, 0.24980419815983623, 0.2371465980540961, 0.24691700201947242, 0.19580316601786762, 0.20887810899876058, 0.2663640989921987, 0.30013123201206326, 0.19187981192953885, 0.2384561550570652, 0.21184238605201244, 0.2465839289361611, 0.256261702044867, 0.26148951903451234, 0.25809265300631523, 0.2619734450709075, 0.2239225300727412, 0.2484999531880021, 0.2250624798471108, 0.22840753302443773, 0.24011235090438277, 0.23698457004502416, 0.2329644849523902, 0.20417381299193949, 0.23693869996350259, 0.26503838784992695, 0.25573999306652695, 0.23032307799439877]
[19.941481646965258, 0.1904668090865016, 0.20160846097860485, 0.21355735789984465, 0.23189610801637173, 0.30220229201950133, 0.21499367605429143, 0.21512404992245138, 0.2295872389804572, 0.22014799097087234, 0.2041423690970987, 0.2482796829426661, 0.2402406211476773, 0.26452296087518334, 0.23519961605779827, 0.2523005499970168, 0.21943299903068691, 0.246380946948193, 0.25672886706888676, 0.2562334389658645, 0.27148752694483846, 0.24633217707742006, 0.24491159990429878, 0.24918649008031934, 0.2518103700131178, 0.24042239307891577, 0.28602649399545044, 0.21888011589180678, 0.21351417305413634, 0.2735241630580276, 0.30645361996721476, 0.24241523700766265, 0.22224809392355382, 0.22737942985258996, 0.2337302470114082, 0.22802770393900573, 0.2338721079286188, 0.21116769104264677, 0.3226065398193896, 0.28914858296047896, 0.2705254520988092, 0.23787573399022222, 0.2710711989784613, 0.24308486108202487, 0.20987529784906656, 0.24832418200094253, 0.22697340697050095, 0.21413835394196212, 0.23868688708171248, 0.23787240590900183, 0.2402898019645363, 0.2477599000558257, 0.23685453296639025, 0.20924749004188925, 0.1963081059511751, 0.20819295686669648, 0.2843974109273404, 0.24277564010117203, 0.2073424570262432, 0.24679757608100772, 0.31193304108455777, 0.20840917597524822, 0.26704980502836406, 0.2799458570079878, 0.20489680510945618, 0.3028617179952562, 0.20367636589799076, 0.24711501481942832, 0.23790995392482728, 0.22197589406277984, 0.23242556396871805, 0.29392817395273596, 0.25723939295858145, 0.2619425890734419, 0.2653316690120846, 0.2649343858938664, 0.21664416312705725, 0.2349314991151914, 0.23722758691292256, 0.30275631498079747, 0.2717077739071101, 0.24785014404915273, 0.26270303304772824, 0.20848786795977503, 0.23015060205943882, 0.26961866405326873, 0.27453257504384965, 0.23791597387753427, 0.22538489301223308, 0.22647671005688608, 0.2593780989991501, 0.2226887340657413, 0.20471824589185417, 0.20874169212765992, 0.24867202795576304, 0.2707300161710009, 0.22269506088923663, 0.2411678199423477, 0.2248525870963931, 0.23218749510124326]
[20.129206549958326, 0.2280159171205014, 0.18308839097153395, 0.23421918402891606, 0.18973452399950475, 0.23221514699980617, 0.2530950680375099, 0.23994394694454968, 0.2503286150749773, 0.23931180592626333, 0.19684498303104192, 0.26629606692586094, 0.22829568199813366, 0.20614771591499448, 0.2597061500418931, 0.21804132009856403, 0.19131637294776738, 0.2610816400265321, 0.22518003301229328, 0.23175298294518143, 0.2295696430373937, 0.20293070108164102, 0.24364122992847115, 0.2681474289856851, 0.2277653570054099, 0.25671870401129127, 0.2042863059323281, 0.21206582698505372, 0.2294509761268273, 0.23797290492802858, 0.2970886629773304, 0.2313766109291464, 0.28749938996043056, 0.20700596610549837, 0.21327661396935582, 0.22812746686395258, 0.25608373794239014, 0.2170397350564599, 0.20706737192813307, 0.2330563529394567, 0.2616899430286139, 0.20356582093518227, 0.23059344908688217, 0.22234045097138733, 0.19523764599580318, 0.2197568939300254, 0.2206147511024028, 0.2200787040637806, 0.2209535059519112, 0.26692691701464355, 0.20990916097071022, 0.19617520400788635, 0.2321602830197662, 0.19761354092042893, 0.22290530905593187, 0.20600156602449715, 0.20808214193675667, 0.2515609050169587, 0.2161670079221949, 0.2608548221178353, 0.2381719930563122, 0.2144218481844291, 0.21533840300980955, 0.2582865069853142, 0.21607449289876968, 0.2170181549154222, 0.24664982210379094, 0.20561928709503263, 0.24545672594103962, 0.2247444500681013, 0.23106309701688588, 0.2510915449820459, 0.23385776008944958, 0.24398752604611218, 0.2397154381033033, 0.2357976760249585, 0.23356077109929174, 0.23823567398358136, 0.2072541160741821, 0.21345088898669928, 0.2961331109981984, 0.2596497948979959, 0.2647239030338824, 0.2726907280739397, 0.19687439885456115, 0.21141662704758346, 0.24812773801386356, 0.25898377294652164, 0.205631657037884, 0.2924043119419366, 0.2056935119908303, 0.23652619495987892, 0.2291109801735729, 0.23752225888893008, 0.2043781349202618, 0.24248256895225495, 0.20958651008550078, 0.20157392392866313, 0.27443765895441175, 0.21784877602476627]
[19.264878696063533, 0.20162735308986157, 0.1928207160672173, 0.23366620705928653, 0.20179770304821432, 0.2538129079621285, 0.2636468370910734, 0.22696445602923632, 0.26171369501389563, 0.2328604720532894, 0.19810843002051115, 0.22643471613992006, 0.20952436502557248, 0.21298797300551087, 0.22513228002935648, 0.2274039250332862, 0.23472971306182444, 0.22558626485988498, 0.22570215910673141, 0.20446961093693972, 0.3471797200618312, 0.3261591769987717, 0.32294747699052095, 0.23186275700572878, 0.2614304518792778, 0.215395632898435, 0.23582312709186226, 0.2557546751340851, 0.2116584179457277, 0.2470700740814209, 0.22636481910012662, 0.2284843660891056, 0.2336883619427681, 0.2461953079327941, 0.20976594311650842, 0.2376199240097776, 0.22234679001849145, 0.22112979588564485, 0.26353226602077484, 0.2149496329948306, 0.2652006560238078, 0.21799168002326041, 0.260199120035395, 0.25098113692365587, 0.22184615896549076, 0.22669436992146075, 0.22144600609317422, 0.21410573297180235, 0.2194907609373331, 0.25123236095532775, 0.2054073360050097, 0.23399685486219823, 0.23427904397249222, 0.2491376311518252, 0.25011548993643373, 0.24863024603109807, 0.21909643104299903, 0.2594530440401286, 0.2102332169888541, 0.23016905807889998, 0.2037771960021928, 0.23493530496489257, 0.19712660799268633, 0.2855918360874057, 0.23231297894380987, 0.22468624089378864, 0.24308582895901054, 0.26673886994831264, 0.2844805240165442, 0.20656820200383663, 0.252841112902388, 0.2322180480696261, 0.20269985788036138, 0.21864671492949128, 0.2411514250561595, 0.20365924504585564, 0.2074715991038829, 0.2467038829345256, 0.20479347498621792, 0.2612885880516842, 0.21329119603615254, 0.21586597489658743, 0.24843577505089343, 0.24598142900504172, 0.2109031641157344, 0.22426035394892097, 0.20920720195863396, 0.2574200010858476, 0.25238728208933026, 0.23590217996388674, 0.21053135104011744, 0.22689926903694868, 0.20468794007319957, 0.2375908709364012, 0.23435409099329263, 0.23143522394821048, 0.20062701113056391, 0.23719058209098876, 0.21199700492434204, 0.2645782770123333]
[19.050097694038413, 0.19673106411937624, 0.23736889706924558, 0.2151116469176486, 0.1869113399880007, 0.21359356201719493, 0.23862750211264938, 0.2040281380759552, 0.22899675904773176, 0.2566979699768126, 0.22105185396503657, 0.197814240003936, 0.22988108813297004, 0.2348516129422933, 0.207756431074813, 0.285590065876022, 0.2556974779581651, 0.2621569470502436, 0.2103724869666621, 0.25595417502336204, 0.22891247109510005, 0.21464163612108678, 0.22575677605345845, 0.23054536199197173, 0.23404444893822074, 0.26656892301980406, 0.24298702192027122, 0.238540651043877, 0.222124585066922, 0.2755702029680833, 0.2527786019491032, 0.2376492660259828, 0.25205877993721515, 0.2282221909845248, 0.21024244313593954, 0.23021617799531668, 0.2606022699037567, 0.2036393010057509, 0.2773046151269227, 0.21279722708277404, 0.24160339799709618, 0.22902722610160708, 0.2230860429117456, 0.20797697606030852, 0.24441489996388555, 0.22557250107638538, 0.2332360310247168, 0.21268487290944904, 0.2425408090930432, 0.20850209891796112, 0.2319835340604186, 0.24856509710662067, 0.23721177713014185, 0.22273712197784334, 0.24077202891930938, 0.2116017669904977, 0.22730446001514792, 0.25467106292489916, 0.22095037496183068, 0.2701883651316166, 0.25474760902579874, 0.23407377093099058, 0.21290753304492682, 0.20840018894523382, 0.25423930410761386, 0.22467893513385206, 0.24541062011849135, 0.264931223122403, 0.2335060479817912, 0.20645678392611444, 0.2664154750527814, 0.20660205802414566, 0.22786884987726808, 0.21184088313020766, 0.27924724598415196, 0.2345718330470845, 0.2601815809030086, 0.21615622309036553, 0.2502176018897444, 0.21102672594133765, 0.21652237593661994, 0.22540638607461005, 0.2272816401673481, 0.2663659689715132, 0.2641134560108185, 0.28843143105041236, 0.2115848499815911, 0.2051285650813952, 0.2325155520811677, 0.21614958706777543, 0.20174652698915452, 0.276204971014522, 0.20606874907389283, 0.23562723398208618, 0.268037746893242, 0.21007611404638737, 0.20514609501697123, 0.22720023500733078, 0.19876597495749593, 0.2548211939865723]
[20.377623180975206, 0.20590631593950093, 0.2344014550326392, 0.21625450009014457, 0.19601017201784998, 0.2562920849304646, 0.24142284505069256, 0.20939599687699229, 0.23089363309554756, 0.20925632398575544, 0.2551808030111715, 0.24355190293863416, 0.24990119400899857, 0.23164917901158333, 0.20539850287605077, 0.22957628895528615, 0.24343724409118295, 0.2104027890600264, 0.21935193706303835, 0.30192376603372395, 0.20338224398437887, 0.20727966306731105, 0.23946322104893625, 0.3061835680855438, 0.2209775960072875, 0.296548780053854, 0.25999509904067963, 0.23246494599152356, 0.2649833880132064, 0.23827889806125313, 0.2510787838837132, 0.21386481903027743, 0.21051219198852777, 0.250126052997075, 0.22538245609030128, 0.2584647599142045, 0.24133327300660312, 0.2575786920497194, 0.24379651295021176, 0.20975487306714058, 0.27850341598968953, 0.2500091028632596, 0.2366271980572492, 0.30588764511048794, 0.2616197350434959, 0.24300985503941774, 0.24565875600092113, 0.2478996580466628, 0.23455922096036375, 0.26629134197719395, 0.257755441009067, 0.2024862659163773, 0.2077780949184671, 0.22294794593472034, 0.21097768610343337, 0.254759571980685, 0.29955182992853224, 0.23219541902653873, 0.25643918197602034, 0.2691517770290375, 0.2209845840698108, 0.2721113229636103, 0.22289341292344034, 0.24511985597200692, 0.23280362493824214, 0.21039658901281655, 0.2505438589723781, 0.2211466160370037, 0.21290991199202836, 0.2649903300916776, 0.21208051801659167, 0.25313515099696815, 0.21877249295357615, 0.2077260500518605, 0.23639178194571286, 0.2508310709381476, 0.24141087103635073, 0.23137368797324598, 0.2572255670093, 0.22667534789070487, 0.2687438860302791, 0.2822201969102025, 0.24882835301104933, 0.23483514308463782, 0.23100215196609497, 0.23724973003845662, 0.2133976579643786, 0.2579940620344132, 0.2578661349834874, 0.2513258069520816, 0.20712760498281568, 0.26233133499044925, 0.252394855953753, 0.26262725004926324, 0.20006245805416256, 0.2900879599619657, 0.21740488696377724, 0.2399231450399384, 0.25902796594891697]
[20.5060514700599, 0.2766626389930025, 0.24979363102465868, 0.24218924494925886, 0.23853023687843233, 0.22341247694566846, 0.2563175850082189, 0.20094276906456798, 0.2312436100328341, 0.24777038989122957, 0.2575700730085373, 0.3020235790172592, 0.2389841260155663, 0.27319283806718886, 0.19159111194312572, 0.24136064504273236, 0.23257706395816058, 0.21512448892463, 0.21909547096583992, 0.26030604110565037, 0.25162056006956846, 0.22654502699151635, 0.26854985114187, 0.23531635710969567, 0.20904000906739384, 0.2134501669788733, 0.2574494460131973, 0.2818232261342928, 0.25765701092313975, 0.2894573879893869, 0.24261172802653164, 0.23841081303544343, 0.3002624328946695, 0.2954370330553502, 0.21062257105950266, 0.23201642313506454, 0.24585762794595212, 0.2662895091343671, 0.2658142800210044, 0.23098295589443296, 0.21587574889417738, 0.2889386209426448, 0.2864399158861488, 0.23367354390211403, 0.2086631420534104, 0.2673340729670599, 0.2126143219647929, 0.2331148269586265, 0.2250980680109933, 0.20629910100251436, 0.20239990495610982, 0.26697860192507505, 0.2519709840416908, 0.230351009988226, 0.24348845100030303, 0.22480170312337577, 0.21703786891885102, 0.21628279599826783, 0.2398230890976265, 0.21181588910985738, 0.2373564139707014, 0.20819670893251896, 0.2578194689704105, 0.21995878091547638, 0.20154990500304848, 0.23975223710294813, 0.20649393601343036, 0.218527095974423, 0.22626002482138574, 0.2005849089473486, 0.24576272012200207, 0.2577026500366628, 0.2651676220120862, 0.2670649249339476, 0.20587522513233125]
[19.63339158287272, 0.1851766308536753, 0.29479940503370017, 0.21379072905983776, 0.2090761821018532, 0.2115285259205848, 0.2030655089765787, 0.20767158502712846, 0.21423101099207997, 0.2135984031483531, 0.2582393898628652, 0.2368817460956052, 0.27568606508430094, 0.2625718489289284, 0.2290640720166266, 0.2575742040062323, 0.22230052389204502, 0.23347545298747718, 0.22861506207846105, 0.29457670997362584, 0.2711533149704337, 0.23047830595169216, 0.2161994109628722, 0.22121790004894137, 0.29031426506116986, 0.2533117369748652, 0.22128430905286223, 0.23561552294995636, 0.20496656303294003, 0.24098594300448895, 0.23265658493619412, 0.2592928640078753, 0.29168929904699326, 0.2012022160924971, 0.28036061802413315, 0.26144465792458504, 0.22783328488003463, 0.26845238101668656, 0.2392094210954383, 0.28533873811829835, 0.22861694905441254, 0.2078556859632954, 0.2621198078850284, 0.2320823830086738, 0.25785452499985695, 0.20806665800046176, 0.2814396769972518, 0.20055554702412337, 0.19748444599099457, 0.2950073649408296, 0.2056350689381361, 0.300558113027364, 0.23164511006325483, 0.250924427062273, 0.2031967209186405, 0.28543399705085903, 0.24119645706377923, 0.2429379130480811, 0.2662657769396901, 0.25825726985931396, 0.26076430396642536, 0.20324344898108393, 0.21926665294449776, 0.26702908996958286, 0.20471446693409234, 0.206481421017088, 0.2190440408885479, 0.19869865395594388, 0.2148686939617619, 0.28076976106967777, 0.20989406597800553, 0.2122986278263852, 0.24121187708806247, 0.23423842305783182, 0.23325013602152467, 0.2536856260849163, 0.2371656548930332, 0.2293907079147175, 0.23502622009254992, 0.23859794402960688, 0.2071012450614944, 0.24248718505259603, 0.2038691738853231, 0.2630277390126139, 0.23103202506899834, 0.24302495794836432, 0.327130459016189, 0.2191837908467278, 0.23565963795408607, 0.2060188689501956, 0.22343304799869657]
[20.87385815696325, 0.2175202160142362, 0.2351734829135239, 0.2365160749759525, 0.29220744490157813, 0.25833021895959973, 0.26496845216024667, 0.24257024109829217, 0.19718643801752478, 0.23190192109905183, 0.2441818390507251, 0.22208059707190841, 0.25714899599552155, 0.2869392370339483, 0.2516143600223586, 0.2583742259303108, 0.2153411441249773, 0.23467196500860155, 0.25760569307021797, 0.2709544259123504, 0.22535211103968322, 0.24492674600332975, 0.23297355405520648, 0.29125111910980195, 0.23013598809484392, 0.23808500496670604, 0.22917079913895577, 0.27880691399332136, 0.2055961061269045, 0.2519236789084971, 0.31133840908296406, 0.2603805579710752, 0.228163204039447, 0.2318241409957409, 0.2371710609877482, 0.23284279101062566, 0.20788865198846906, 0.29846154514234513, 0.29048901807982475, 0.2291683469666168, 0.26748501404654235, 0.25210666202474385, 0.235582591034472, 0.21615982695948333, 0.24271698796655983, 0.2227142881602049, 0.20411446713842452, 0.24004453502129763, 0.20790033100638539, 0.21205722296144813, 0.3152789600426331, 0.26124490902293473, 0.22425225202459842, 0.24805852316785604, 0.20909506897442043, 0.2374306689016521, 0.23290554399136454, 0.22396261303219944, 0.23024252313189209, 0.2205899169202894, 0.3030069610103965, 0.24575479899067432, 0.2326760410796851, 0.235589737072587, 0.27495038986671716, 0.24657873006071895, 0.22591949999332428, 0.20801074290648103, 0.20341033302247524, 0.27352930896449834, 0.22102031600661576, 0.23214388103224337, 0.25831158994697034, 0.20949164312332869, 0.18967393902130425, 0.21429303695913404, 0.22752792097162455, 0.2330048190196976, 0.2015219599707052, 0.21084056701511145, 0.28207444003783166, 0.22295451699756086, 0.22442555206362158, 0.22946173511445522, 0.24714393401518464, 0.2221012250520289, 0.23598255310207605, 0.2456099819391966]
[21.71650810504798, 0.21223827707581222, 0.24419358698651195, 0.2807095401221886, 0.26158201100770384, 0.2578150280751288, 0.21123281703330576, 0.20514030498452485, 0.209475290030241, 0.22687825502362102, 0.2309906791197136, 0.23766626487486064, 0.2070540979038924, 0.238637205096893, 0.19856570404954255, 0.29296840901952237, 0.23551347095053643, 0.30261321703437716, 0.24291056697256863, 0.2551162960007787, 0.2980685200309381, 0.21054575708694756, 0.2525958671467379, 0.2452462089713663, 0.22628941398579627, 0.2775478168623522, 0.24220059590879828, 0.24280399701092392, 0.24457192805130035, 0.29305165295954794, 0.21222326694987714, 0.21991031197831035, 0.26817746902816, 0.23476720496546477, 0.26493021193891764, 0.26383825798984617, 0.23927318898495287, 0.2875822091009468, 0.23890116601251066, 0.21417165803723037, 0.25885174004361033, 0.25503564393147826, 0.29509053099900484, 0.24119657999835908, 0.2587503199465573, 0.2724252318730578, 0.21825236594304442, 0.269260679022409, 0.25789423391688615, 0.23145484400447458, 0.29093375196680427, 0.20760301186237484, 0.26491560984868556, 0.20346329209860414, 0.2065186380641535, 0.29731773387175053, 0.23511490400414914, 0.2521007660543546, 0.24629530287347734, 0.24465837003663182, 0.20531199197284877, 0.23586908902507275, 0.24504444107878953, 0.24085288413334638, 0.26616336591541767, 0.24517103005200624, 0.2551680071046576, 0.26976338506210595, 0.25554289610590786, 0.22529077506624162, 0.27192055888008326, 0.26219502196181566, 0.26001869002357125, 0.22517241502646357, 0.29723871091846377, 0.2298637619242072, 0.25843747111503035, 0.27119798900093883, 0.2996140751056373, 0.26178621710278094, 0.27759314503055066, 0.21865812595933676, 0.27018597710411996, 0.2415610239841044, 0.2004765059100464, 0.28898925008252263, 0.19839053403120488, 0.2432198120513931, 0.24265254091005772, 0.2576348880538717]
[20.475212827906944, 0.22416206204798073, 0.20949095604009926, 0.1852533119963482, 0.18405733304098248, 0.19962574099190533, 0.18141147296410054, 0.22576558904256672, 0.24112648086156696, 0.2902933380100876, 0.25887297303415835, 0.1937154580373317, 0.1812478449428454, 0.22962645394727588, 0.22171762003563344, 0.2038985340623185, 0.21362933109048754, 0.3056776000885293, 0.2623089380795136, 0.23191124002914876, 0.2469591909321025, 0.26198285399004817, 0.21283336193300784, 0.2710439570946619, 0.24880815600045025, 0.23366804397664964, 0.3071185260778293, 0.18345377990044653, 0.23707692604511976, 0.2551835689228028, 0.18727019510697573, 0.1965432690922171, 0.25578265299554914, 0.2152548530139029, 0.23760418687015772, 0.22923299693502486, 0.26248126802966, 0.22742346802260727, 0.22731853497680277, 0.21742840891238302, 0.2531947121024132, 0.24932120309676975, 0.22321728395763785, 0.2854028200963512, 0.20683290413580835, 0.23401315009687096, 0.19803365494590253, 0.20372120197862387, 0.24017294205259532, 0.2626933589344844, 0.20843062782660127, 0.32226035208441317, 0.20052954996936023, 0.27884038304910064, 0.23703078099060804, 0.24950423708651215, 0.23673212993890047, 0.27873703092336655, 0.26963949704077095, 0.2927251459332183, 0.28957075893413275, 0.25092692603357136, 0.223737936001271, 0.2496142090531066, 0.24377539101988077, 0.19478614011313766, 0.2441753139719367, 0.27190508984494954, 0.21421679493505508, 0.3014736350160092, 0.2802040990209207, 0.26243644196074456, 0.19617645803373307, 0.22955227398779243, 0.22150151198729873, 0.21746252803131938, 0.23891255806665868, 0.25535349000710994, 0.2060663300799206, 0.2716549790930003, 0.2046373119810596, 0.21918401110451669, 0.2603304859949276, 0.2641921250615269, 0.2422844059765339, 0.2558857030235231, 0.21484407503157854]
[20.19317088997923, 0.2376513748895377, 0.30278433999046683, 0.22839342092629522, 0.2606847690185532, 0.28335633501410484, 0.3021943758940324, 0.22784298798069358, 0.26449756789952517, 0.26330597687046975, 0.26994862710125744, 0.21438507188577205, 0.2086443848675117, 0.2314759170403704, 0.2602366131031886, 0.2806745069101453, 0.29358037502970546, 0.24451440304983407, 0.28832401102408767, 0.2822947730310261, 0.30755115509964526, 0.24843236105516553, 0.20403194415848702, 0.28940823988523334, 0.25365888699889183, 0.23545117396861315, 0.22477115399669856, 0.2686684359796345, 0.21209679800085723, 0.21776101796422154, 0.2543348908657208, 0.2666263640858233, 0.29459595400840044, 0.26575614989269525, 0.2616935789119452, 0.24279621010646224, 0.2594214620767161, 0.2315345259848982, 0.23469438205938786, 0.2849698959616944, 0.20315956498961896, 0.21522544010076672, 0.2068496000720188, 0.26282966905273497, 0.24024298309814185, 0.22809004609007388, 0.2565238820388913, 0.2457531769759953, 0.29165565699804574, 0.26106984191574156, 0.22680174291599542, 0.20562261797022074, 0.2091933520277962, 0.21775273198727518, 0.20901228010188788, 0.23860988998785615, 0.21282044192776084, 0.2242811069590971, 0.2807279769331217, 0.2541371560655534, 0.27798398304730654, 0.2377014741068706, 0.2629431430250406, 0.22350590105634183, 0.31208118807990104, 0.2435660259798169, 0.28105289186351, 0.24212970002554357, 0.23289617290720344, 0.20707469200715423, 0.27313631400465965, 0.2779032529797405, 0.31149420188739896, 0.26462668902240694, 0.23215227702166885, 0.23341678292490542, 0.23162568407133222, 0.235456773894839, 0.24782687006518245, 0.2689924449659884, 0.2150247929384932, 0.20596398098859936, 0.2665179200703278, 0.2588221370242536, 0.20828962698578835, 0.20805862010456622, 0.2312802349915728, 0.24136268394067883]
[21.377268056035973, 0.242675346089527, 0.2247732839314267, 0.23333252011798322, 0.29166838293895125, 0.2551888140151277, 0.24109397106803954, 0.24388905393425375, 0.20384042500518262, 0.20144803111907095, 0.26308775693178177, 0.2548500238917768, 0.2574328021146357, 0.23641157406382263, 0.29941150604281574, 0.21289625694043934, 0.23827097797766328, 0.2539668151875958, 0.26307391293812543, 0.2335694949142635, 0.22341079905163497, 0.22126788401510566, 0.2248053359799087, 0.23574612603988498, 0.23283141385763884, 0.2823588070459664, 0.2504466939717531, 0.2732464449945837, 0.2400362091138959, 0.21591103600803763, 0.2609169458737597, 0.31835455202963203, 0.3033823650330305, 0.2676448200363666, 0.20089163398370147, 0.20435529109090567, 0.26755913509987295, 0.3283936600200832, 0.25722696306183934, 0.24260939203668386, 0.3291721169371158, 0.20247654104605317, 0.19731238996610045, 0.22333543398417532, 0.26977244089357555, 0.21352216496597975, 0.24135176301933825, 0.24634403898380697, 0.2633356110891327, 0.23015791596844792, 0.23304178204853088, 0.22578192106448114, 0.23006706300657243, 0.2095143930055201, 0.2537596680922434, 0.2394154000794515, 0.24291777005419135, 0.2399512060219422, 0.23029840795788914, 0.2028908870415762, 0.23085923388134688, 0.22701021505054086, 0.21589670702815056, 0.29692723404150456, 0.23324759979732335, 0.2516270879423246, 0.2580964859807864, 0.2761340069118887, 0.2605445849476382, 0.221635706955567, 0.22799731511622667, 0.1985414489172399, 0.2013207090785727, 0.2268895199522376, 0.20696882205083966, 0.2597423989791423, 0.2357817799784243, 0.22414032113738358, 0.2571096159517765, 0.2065990490373224, 0.2669694940559566, 0.24393187602981925, 0.2301009949296713, 0.2703816450666636, 0.26870658597908914, 0.2691750340163708, 0.2672965871170163, 0.24149673606734723, 0.23377341812010854, 0.26619046996347606, 0.1996097720693797, 0.22396732191555202, 0.2505204180488363, 0.2604742710245773, 0.26176337886136025, 0.22356076096184552]
[22.483227737946436, 0.27999366202857345, 0.22714803903363645, 0.20961942500434816, 0.26225903898011893, 0.2742587960092351, 0.31314211594872177, 0.24992706207558513, 0.23165753204375505, 0.23590745183173567, 0.29040865402203053, 0.24440505600068718, 0.21197676192969084, 0.27765941293910146, 0.2791702449321747, 0.2775179308373481, 0.2027968579204753, 0.26074241707101464, 0.2937476079678163, 0.25642920995596796, 0.2249917769804597, 0.23497916909400374, 0.25541027798317373, 0.21556492894887924, 0.24859955394640565, 0.2863623969024047, 0.32005690201185644, 0.24965066194999963, 0.2332825061166659, 0.24202238803263754, 0.24301488185301423, 0.2341427350183949, 0.23014192783739418, 0.2700622930424288, 0.2901138319866732, 0.2088093690108508, 0.2047930449480191, 0.2365768289892003, 0.27196750906296074, 0.2674856319790706, 0.21663634688593447, 0.24762973899487406, 0.23841741494834423, 0.2387768579646945, 0.234974374063313, 0.21573986497242004, 0.2040672489674762, 0.21523949201218784, 0.2489959279773757, 0.227973373956047, 0.26443152606952935, 0.23483650188427418, 0.2313638849882409, 0.21358354203402996, 0.27444755600299686, 0.24459011212456971, 0.28072815109044313, 0.21579160494729877, 0.22336741106119007, 0.1992299520643428, 0.24181090702768415, 0.21752609603572637, 0.23325188108719885, 0.19754470302723348, 0.24371333501767367, 0.2557684580096975, 0.22269184701144695, 0.23688686697278172, 0.23065745795611292, 0.2950721449451521, 0.2327574350638315, 0.258859655004926, 0.3211279050447047, 0.20937252999283373, 0.2862205639248714, 0.2367760620545596, 0.23092652496416122, 0.22970688110217452, 0.24550233408808708, 0.2184920848812908, 0.2630689999787137, 0.20410541107412428, 0.27845656499266624, 0.23768631101120263, 0.28104050108231604, 0.2823152979835868, 0.20938432787079364, 0.2634500080021098, 0.229829792981036, 0.23376463307067752, 0.22392311412841082, 0.23423748707864434, 0.2025703969411552, 0.2022428410127759, 0.24760228104423732, 0.2897909990279004]
[20.95441883499734, 0.2642328339861706, 0.19155600597150624, 0.2165867240400985, 0.19170080311596394, 0.3355016310233623, 0.23295572597999126, 0.22923905099742115, 0.272321725031361, 0.21881859307177365, 0.30651762697380036, 0.27377840294502676, 0.20150801294948906, 0.22957473690621555, 0.29592062800657004, 0.20811486104503274, 0.22561277996283025, 0.3021054030396044, 0.23424931894987822, 0.26846187794581056, 0.2887989840237424, 0.2555679799988866, 0.30476842215284705, 0.3027707489673048, 0.23163497599307448, 0.23582752898801118, 0.23382141499314457, 0.26461862004362047, 0.20301793201360852, 0.20683236396871507, 0.21378370595630258, 0.21882030100096017, 0.27226394310127944, 0.22073888801969588, 0.2767516958992928, 0.24368995800614357, 0.23901024693623185, 0.2145914511056617, 0.28932956501375884, 0.23755903693381697, 0.22953962697647512, 0.23490133800078183, 0.24068446306046098, 0.21556780603714287, 0.23767099005635828, 0.2037899000570178, 0.2668767520226538, 0.2791625540703535, 0.30392018193379045, 0.26722787600010633, 0.2839475590735674, 0.21157298993784934, 0.21662844996899366, 0.281801963923499, 0.19866424496285617, 0.22052847314625978, 0.20808996993582696, 0.23318763601128012, 0.2260737968608737, 0.24954377301037312, 0.29970496299210936, 0.23617328400723636, 0.26511619496159256, 0.21922149800229818, 0.2667745400685817, 0.21085088106337935, 0.236946573946625, 0.23971957003232092, 0.30803215503692627, 0.2127407060470432, 0.26040749915409833, 0.23281389195472002, 0.2077974600251764, 0.27111820701975375, 0.31703060888685286, 0.26425743685103953, 0.25106548704206944, 0.22577548201661557, 0.23844812286552042, 0.2503405950265005, 0.2383922500303015, 0.24202087696176022, 0.2768664709292352, 0.2646359880454838, 0.22734365600626916, 0.22055803099647164, 0.2304644831456244, 0.20741454709786922]
[19.742511695832945, 0.2368896979605779, 0.18136709101963788, 0.20321293314918876, 0.20813620905391872, 0.21583609003573656, 0.2553783680777997, 0.25729498907458037, 0.23940232687164098, 0.24278308800421655, 0.2153485839953646, 0.2784577689599246, 0.28477813804056495, 0.25834714504890144, 0.2071360710542649, 0.24034049711190164, 0.275358158047311, 0.25937916804105043, 0.24683513201307505, 0.25123650999739766, 0.22345429798588157, 0.2793132649967447, 0.26784529408905655, 0.2145038319285959, 0.26805307902395725, 0.21373527601826936, 0.24180972506292164, 0.2373011080780998, 0.29377971205394715, 0.20586647791787982, 0.2481206189841032, 0.22838726814370602, 0.24318360607139766, 0.2669068790273741, 0.2163771369960159, 0.22397622093558311, 0.24619485985022038, 0.2575455429032445, 0.27974142401944846, 0.2364529399201274, 0.21439078403636813, 0.23837745399214327, 0.23586795502342284, 0.23816381709184498, 0.2300156969577074, 0.2727895830757916, 0.27285216585732996, 0.25200297904666513, 0.29809419403318316, 0.2550502889789641, 0.23898500914219767, 0.21954599511809647, 0.2629170330474153, 0.2649604909820482, 0.23337887099478394, 0.21532499499153346, 0.19537407800089568, 0.19878882193006575, 0.2347521191695705, 0.20203315000981092, 0.23217361699789762, 0.2248364690458402, 0.2476002590265125, 0.24497834302019328, 0.2253050619037822, 0.2334596118889749, 0.24080555804539472, 0.26659151003696024, 0.3063765980768949, 0.2038426250219345, 0.24147803708910942, 0.23536318505648524, 0.21837640705052763, 0.20036064798478037, 0.25736379297450185, 0.27079105912707746, 0.20245433796662837, 0.2397902199300006, 0.2716493799816817, 0.2361561821307987, 0.2599248730111867, 0.21200898103415966, 0.258732762071304, 0.23463782703038305, 0.2081392800901085, 0.22081189090386033, 0.22090551804285496, 0.23833706707227975, 0.2525351371150464, 0.20444038300774992, 0.26333247509319335, 0.2681524050422013, 0.2445075479336083, 0.2298133650328964, 0.28492302587255836, 0.23296042799483985]
[21.04263139690738, 0.28068236995022744, 0.21047158690635115, 0.22871151193976402, 0.23076070204842836, 0.22710141690913588, 0.2501078270142898, 0.2205486421007663, 0.26395430602133274, 0.22865850501693785, 0.2516487000975758, 0.26118191389832646, 0.23907452006824315, 0.2701101320562884, 0.23267438099719584, 0.24074360309168696, 0.23694317997433245, 0.25795184110756963, 0.20627538906410336, 0.2729543000459671, 0.21840921498369426, 0.3222777469782159, 0.3082664030371234, 0.2667131070047617, 0.2220599689753726, 0.275956011028029, 0.27131989505141973, 0.23559249809477478, 0.30317290301900357, 0.23549794789869338, 0.2357486659893766, 0.21022731403354555, 0.2406861799536273, 0.2101671900600195, 0.23328835796564817, 0.24133407592307776, 0.21642420708667487, 0.2278548659523949, 0.2175449748756364, 0.27718244097195566, 0.2407888500019908, 0.23758726008236408, 0.26676805096212775, 0.25826622801832855, 0.22634047002065927, 0.2912181980209425, 0.22960789396893233, 0.26375084405299276, 0.24057996191550046, 0.24022608890663832, 0.24465252691879869, 0.27373074705246836, 0.25346033193636686, 0.27218616800382733, 0.23744799906853586, 0.24971190199721605, 0.21802352904342115, 0.24230182589963078, 0.208509985008277, 0.30460214987397194, 0.28204639290925115, 0.2595205120742321, 0.261301429127343, 0.23248088301625103, 0.25695745507255197, 0.23621089314110577, 0.21530593500938267, 0.24359911994542927, 0.28897782892454416, 0.23181512206792831, 0.22406614990904927, 0.23056145303416997, 0.20190212386660278, 0.2565933029400185, 0.22745399794075638, 0.25612659205216914, 0.280949650099501, 0.2955704730702564, 0.3119180949870497, 0.2107719520572573, 0.27095849299803376, 0.21177537902258337, 0.26650020107626915, 0.2458626109873876, 0.2582449408946559, 0.24489524390082806, 0.24312065506819636, 0.25055192108266056, 0.2926030351081863, 0.24609001795761287]
[19.95204839191865, 0.2111361069837585, 0.21274105506017804, 0.26669883204158396, 0.23863015801180154, 0.2496993460226804, 0.21477591898292303, 0.2767395949922502, 0.22813168610446155, 0.2249328891048208, 0.2228058959590271, 0.24329834710806608, 0.23735698906239122, 0.19598534191027284, 0.24413859110791236, 0.24472568300552666, 0.2105750379851088, 0.23447336698882282, 0.25760171795263886, 0.2218578940955922, 0.2741145540494472, 0.265129855950363, 0.20543526101391762, 0.27915416890755296, 0.2787544799502939, 0.31118763715494424, 0.20771338301710784, 0.21785934502258897, 0.20991507300641388, 0.23228770808782429, 0.29374909901525825, 0.2305125540588051, 0.21118002303410321, 0.25366286316420883, 0.22909022495150566, 0.23772388300858438, 0.3249377869069576, 0.2851239191368222, 0.21744729508645833, 0.24871680792421103, 0.2210074830800295, 0.23673295509070158, 0.2341453538974747, 0.3064735709922388, 0.21601778909098357, 0.23073094303254038, 0.23705024702940136, 0.20674922806210816, 0.30424388602841645, 0.22603186895139515, 0.21007712197024375, 0.2267898020800203, 0.2394663649611175, 0.23721604782622308, 0.21795659500639886, 0.21156697801779956, 0.24153462005779147, 0.19919098890386522, 0.20764770393725485, 0.20808647014200687, 0.24122659605927765, 0.2417793310014531, 0.20392005005851388, 0.21852879994548857, 0.20458582695573568, 0.22242399002425373, 0.20739179500378668, 0.26636047509964556, 0.23245631798636168, 0.19828429096378386, 0.265363878919743, 0.27386026084423065, 0.20495055394712836, 0.23001134407240897, 0.23827093606814742, 0.2281913229962811, 0.21062037791125476, 0.21029845101293176, 0.21971871505957097, 0.22881963790860027, 0.20492610498331487, 0.20948547788430005, 0.20739168301224709, 0.20288833393715322, 0.21194037795066833, 0.24854937894269824, 0.23465067497454584, 0.2830953870434314, 0.25798244099132717, 0.24729081499390304, 0.19842393789440393, 0.21480225608684123, 0.2323452039854601, 0.25184211996383965, 0.22721523803193122, 0.2730940170586109, 0.22436982486397028, 0.2587776720756665]
[19.455143475090154, 0.2276776119833812, 0.24634231498930603, 0.2307770699262619, 0.2891729709226638, 0.23317487398162484, 0.26418021600693464, 0.23945884709246457, 0.2080334050115198, 0.22696109593380243, 0.20769510499667376, 0.31194064707960933, 0.2923902521142736, 0.24999214010313153, 0.23189646296668798, 0.24252101697493345, 0.232480391045101, 0.24571823002770543, 0.21200491709169, 0.21797497698571533, 0.2782266540452838, 0.27848815103061497, 0.25627653405535966, 0.23332842788659036, 0.20670049800537527, 0.2733090330148116, 0.25687348400242627, 0.22257622994948179, 0.21111041004769504, 0.22917588404379785, 0.2673132009804249, 0.21350487798918039, 0.19583566405344754]
[20.22292200103402, 0.29081093496643007, 0.26437249302398413, 0.24348886404186487, 0.21686521591618657, 0.25223843508865684, 0.24930305883754045, 0.24794735701289028, 0.22614434512797743, 0.19959212595131248, 0.2651900510536507, 0.2425326209049672, 0.23206307098735124, 0.21115769899915904, 0.2333951919572428, 0.2042869559954852, 0.27512097696308047, 0.27962844097055495, 0.2139921309426427, 0.20475244999397546, 0.21938818402122706, 0.27953257504850626, 0.2492530009476468, 0.215770801063627, 0.2722083261469379, 0.2422837030608207, 0.21741426910739392, 0.2501617030939087, 0.24915095302276313, 0.2349994860123843, 0.2540840228321031, 0.24838929809629917, 0.2641452809330076, 0.294994332944043, 0.2773029040545225, 0.2573137029539794, 0.22300079104024917, 0.24385279894340783, 0.23750754306092858, 0.26764418405946344, 0.273358654929325, 0.21688311896286905, 0.23892179201357067, 0.2139497350435704]
[19.641615490894765, 0.2264822239521891, 0.22768451692536473, 0.202250347007066, 0.24407195206731558, 0.2178532580146566, 0.22831695701461285, 0.253621912910603, 0.20356933306902647, 0.22772770712617785, 0.27621748216915876, 0.2337287609698251, 0.18785097310319543, 0.23033423896413296, 0.2774955410277471, 0.2025872808881104, 0.2352646009530872, 0.22766551503445953, 0.24317460099700838, 0.2222325790207833, 0.25137715600430965, 0.20305683696642518, 0.23640311299823225, 0.23248765105381608, 0.26179922197479755, 0.22996533603873104, 0.3309355650562793, 0.23082615702878684, 0.24564286193344742, 0.23489996697753668, 0.2045853700255975, 0.2018816008931026, 0.20458785200025886, 0.2269471330801025, 0.28317331813741475, 0.3161653080023825, 0.29927209694869816, 0.2476793291280046, 0.3081546319881454, 0.2260280658956617, 0.2893210609909147, 0.23690668400377035, 0.24582958198152483, 0.2890666320454329, 0.295115613960661, 0.2097226179903373, 0.22971396998036653, 0.21418942196760327]
[20.624654127052054, 0.22244692710228264, 0.21582563302945346, 0.21762256196234375, 0.24469363794196397, 0.21679847198538482, 0.23610874300356954, 0.21332463202998042, 0.21136793808545917, 0.18281176697928458, 0.27214396896306425, 0.22166663710959256, 0.18781960289925337, 0.2380722330417484, 0.24912594491615891, 0.21362961805425584, 0.2832656289683655, 0.24609635304659605, 0.22314091492444277, 0.25447908393107355, 0.3146508439676836, 0.2990171939600259, 0.26482258504256606, 0.24415759707335383, 0.30025652109179646, 0.25244696997106075, 0.25535580900032073, 0.21807369601447135, 0.2637712269788608, 0.23530220903921872, 0.23394758999347687, 0.2586584909586236, 0.20067654794547707, 0.2131600349675864, 0.23789763799868524, 0.23024413513485342, 0.2473360039293766, 0.2598358279792592, 0.2324808199191466, 0.23116496903821826, 0.21124233689624816, 0.2886802441207692, 0.22806081408634782, 0.22529623401351273, 0.23029102489817888, 0.26513690885622054, 0.244052889989689, 0.20911872992292047, 0.31671732699032873, 0.28717381006572396, 0.2831867481581867, 0.20707380399107933, 0.27059321594424546, 0.30450735695194453, 0.256568159093149, 0.22819717484526336, 0.23857967788353562, 0.2371605560183525]
[20.78822835884057, 0.22077506000641733, 0.3021387089975178, 0.250003115972504, 0.27374281000811607, 0.2468343519140035, 0.24998357007279992, 0.22535096004139632, 0.23030934494454414, 0.29766781302168965, 0.23120020097121596, 0.23882756114471704, 0.24313148390501738, 0.2611529598943889, 0.2590943380491808, 0.19847269891761243, 0.25401877192780375, 0.20581917697563767, 0.2391163979191333, 0.24220618198160082, 0.22841673996299505, 0.20139876299072057, 0.24102568405214697, 0.24152698705438524, 0.24072418501600623, 0.24503659596666694, 0.2457760180113837, 0.2781726340763271, 0.2096886441577226, 0.2264590549748391, 0.21620721905492246, 0.2273218350019306, 0.21270231995731592, 0.22563790995627642, 0.29977944504935294, 0.3022009970154613, 0.21648626611568034, 0.27236434794031084, 0.22681355103850365, 0.2664653438841924, 0.2756635070545599, 0.21411030797753483, 0.2969879910815507, 0.2172401020070538, 0.2575188319897279, 0.24712037201970816, 0.2502080079866573, 0.2332201460376382, 0.20857959100976586, 0.2594182980246842, 0.24745914596132934, 0.21135233296081424, 0.2337189340032637, 0.31263010401744395, 0.28955709107685834, 0.3045293940231204, 0.2634995880071074, 0.23810865194536746, 0.2328839059919119, 0.22856158704962581, 0.2744677590671927, 0.3011149540543556, 0.2628596209688112, 0.2930382749764249, 0.293554080883041, 0.32062654208857566, 0.2805943420389667, 0.2524502370506525, 0.28663176903501153, 0.30355481104925275, 0.27767698012758046, 0.21086749096866697, 0.2889033689862117, 0.26203129487112164, 0.24111227598041296, 0.2120558361057192, 0.23866663593798876, 0.26636946795042604, 0.21617897495161742, 0.2146196310641244, 0.24610940099228173, 0.21387359604705125]
[20.208938008989207, 0.23742261808365583, 0.23041306587401778, 0.2269947009626776, 0.28225964994635433, 0.2041511929128319, 0.2889842239674181, 0.22445962706115097, 0.23351086408365518, 0.251961589907296, 0.27950603899080306, 0.22539915901143104, 0.2259010358247906, 0.26854963100049645, 0.23288663488347083, 0.2257156150881201, 0.2374109401134774, 0.2236822780687362, 0.33350629499182105, 0.20780438010115176, 0.22546259802766144, 0.26614254200831056, 0.21818859910126776, 0.20187402004376054, 0.21307378204073757, 0.21924348000902683, 0.22247188491746783, 0.2513733940431848, 0.21208616194780916, 0.2548762239748612, 0.2978254009503871, 0.2849673329619691, 0.27400032081641257, 0.2410194861004129, 0.24210945796221495, 0.22888797905761749, 0.2381987851113081, 0.2179593660403043, 0.24289881088770926, 0.2635377818951383, 0.2313451220979914, 0.2200849581276998, 0.3338705839123577, 0.2704297050368041, 0.3378833110909909, 0.2792037461185828, 0.22396905708592385, 0.2214422570541501, 0.2624433620367199, 0.264486238011159, 0.2694563210243359, 0.23263170791324228, 0.2688070870935917, 0.24564214400015771, 0.2777213650988415, 0.3065615859813988, 0.1987072379561141, 0.2652842740062624, 0.2144522990565747, 0.21479773381724954, 0.27895847999025136, 0.26950435002800077, 0.21573135792277753, 0.21668528101872653, 0.23015321092680097, 0.2427577880444005, 0.22982405708171427, 0.24238327203784138, 0.22977110103238374, 0.2286242649424821, 0.23083037906326354, 0.25842811400070786, 0.2767540850909427, 0.2857611649669707, 0.2333733020350337, 0.2376439409563318, 0.2680551098892465, 0.20568634802475572, 0.2664880909724161, 0.20310307200998068, 0.2575587019091472, 0.21013762801885605, 0.23281485808547586, 0.3057037510443479, 0.21418677689507604, 0.2167940119979903, 0.26427615399006754, 0.2311382390325889, 0.22228795906994492, 0.28385535709094256, 0.28427866310812533, 0.2202805590350181, 0.21026491303928196, 0.24224345409311354, 0.24303819006308913, 0.2078995080664754]
[21.05139560904354, 0.271633088006638, 0.21687140897847712, 0.2646916511002928, 0.2581556369550526, 0.24637303012423217, 0.2045971469487995, 0.2226985739544034, 0.2513433120911941, 0.23627180489711463, 0.2390319019323215, 0.19985237496439368, 0.24949978513177484, 0.21240192605182528, 0.23432530893478543, 0.2341260069515556, 0.2107723830267787, 0.29671432892791927, 0.22405293898191303, 0.22486965800635517, 0.24967195803765208, 0.23994590796064585, 0.2293818820035085, 0.2714381560217589, 0.2047782470472157, 0.27639227907638997, 0.2567174939904362, 0.27104272809810936, 0.2467098489869386, 0.2620142928790301, 0.26735567196737975, 0.23809770098887384, 0.2614127810811624, 0.2380823059938848, 0.29083833703771234, 0.2687831859802827, 0.26363328099250793, 0.2526487170252949, 0.22136122710071504, 0.2411669910652563, 0.2232912970939651, 0.2389355719788, 0.30177864397410303, 0.2267496270360425, 0.2653023558668792, 0.283513011992909, 0.23560704803094268, 0.2435210319235921, 0.204277551965788, 0.2001241089310497, 0.28759542910847813, 0.27275479200761765, 0.2425541419070214, 0.20746535912621766, 0.20343646802939475, 0.2810473970603198, 0.23086305102333426, 0.23738990002311766, 0.2561761799734086, 0.22975228598807007, 0.21789906907361, 0.2481776300119236, 0.20007080805953592, 0.21206252998672426, 0.23863203695509583, 0.2670463250251487, 0.21073438099119812, 0.23455120797734708, 0.26556165306828916, 0.22347300592809916, 0.241661872016266, 0.23176968086045235, 0.24882406601682305, 0.2528930089902133, 0.23594384803436697, 0.30714670999441296, 0.2585087730549276, 0.19850877299904823, 0.22507123195100576, 0.25782334594987333, 0.31947838712949306, 0.2773317298851907, 0.2064114580862224, 0.22785283403936774, 0.2243909400422126, 0.24621005496010184, 0.2386249549454078, 0.24055124493315816, 0.2170688930200413, 0.21718087303452194, 0.2327224890468642, 0.21164172503631562, 0.2647604460362345, 0.22597488400060683, 0.23870958690531552, 0.20547046116553247, 0.24521106202155352, 0.24482968915253878, 0.21740107785444707]
[24.038721962133422, 0.20400820497889072, 0.26218795706517994, 0.2628615100402385, 0.24510659102816135, 0.2755128559656441, 0.23106211691629142, 0.2688453630544245, 0.2406155370408669, 0.21095753996632993, 0.20994566299486905, 0.225282339961268, 0.23041707905940711, 0.22241357702296227, 0.2382488700095564, 0.20233005692716688, 0.2701494520297274, 0.2405598838813603, 0.24211363296490163, 0.26803390600252897, 0.27823857800103724, 0.22833868104498833, 0.24661774502601475, 0.26150273997336626, 0.26480389095377177, 0.22211758699268103, 0.2669581030495465, 0.20281766809057444, 0.2804549550637603, 0.23210865398868918, 0.26873281109146774, 0.24942750402260572, 0.2338793989038095, 0.20342738705221564, 0.21925936406478286, 0.23874539998359978, 0.27332164300605655, 0.2722426860127598, 0.2336294100387022, 0.23878005298320204, 0.23898268002085388, 0.23221080005168915, 0.22059334709774703, 0.2611724690068513, 0.24387169489637017, 0.23113287100568414, 0.2575979590183124, 0.24991271295584738, 0.2450562659651041, 0.21444386895745993, 0.27846033906098455, 0.2667276579886675, 0.22306315694004297, 0.2344399819849059, 0.26967182592488825, 0.21190907305572182, 0.22770384303294122, 0.20456040697172284, 0.27116949390619993, 0.3055650821188465, 0.23932146199513227, 0.2634346509585157, 0.22762319899629802, 0.21635084506124258, 0.20693210407625884, 0.22299948008731008, 0.2819809780921787, 0.24119212094228715, 0.2522977071348578, 0.256060259998776, 0.28641296504065394, 0.2322606259258464, 0.23402634589001536, 0.2322068801149726, 0.26832420798018575, 0.2319279370130971, 0.26406862505245954, 0.21885757299605757, 0.24215298099443316, 0.20747120294254273, 0.25501728896051645, 0.2973122539697215, 0.2357258868869394, 0.2570461869472638, 0.2615486499853432, 0.24343616398982704, 0.2457502419129014, 0.2222660699626431, 0.2587979310192168, 0.2617458449676633, 0.2875055340118706, 0.22596127109136432, 0.27040337212383747, 0.2099516000598669, 0.28468703699763864, 0.24026216892525554, 0.2685531860915944]
