[8.114210248924792, 0.5587089853361249, 0.4271924616768956, 0.400643665343523, 0.5361273726448417, 0.4640829525887966, 0.5404792102053761, 0.5181497279554605, 0.484672287479043, 0.515696863643825, 0.49838274251669645, 0.42997740022838116, 0.4647791935130954, 0.6223416225984693, 0.577821196988225, 0.4769606404006481, 0.42980258259922266, 0.53371786698699, 0.5517593305557966, 0.5284209800884128, 0.5202696779742837, 0.5986723825335503, 0.5824662744998932, 0.43845574650913477, 0.4135078201070428, 0.5060697132721543, 0.48196898214519024, 0.49179172795265913, 0.4583587935194373, 0.4397040596231818, 0.42122738249599934, 0.6002013804391026, 0.39440708234906197, 0.5280202487483621, 0.3969834493473172]
[8.130650421604514, 0.48720202781260014, 0.5134387314319611, 0.49741624761372805, 0.48157874029129744, 0.4980689072981477, 0.4058723533526063, 0.5258210636675358, 0.5726737678050995, 0.5709695443511009, 0.4999299505725503, 0.5149359423667192, 0.4919745232909918, 0.6551204733550549, 0.6002612542361021, 0.5589928394183517, 0.5122118927538395, 0.5342865809798241, 0.45294271502643824, 0.5294619686901569, 0.4811418130993843, 0.5072537790983915, 0.48248488269746304, 0.4666788214817643, 0.48876472748816013, 0.5162491360679269, 0.49182279873639345, 0.5199961820617318, 0.4955201270058751, 0.5355331692844629, 0.4737105183303356, 0.4864485617727041, 0.4523311723023653, 0.4941062517464161, 0.47401947528123856]
[7.1329778814688325, 0.49082569405436516, 0.5046187927946448, 0.4711243389174342, 0.46037169359624386, 0.45824467297643423, 0.5483057340607047, 0.5090535469353199, 0.47684229630976915, 0.5456868587061763, 0.5137490406632423, 0.49661529157310724, 0.5247098132967949, 0.4782781032845378, 0.4733046879991889, 0.4575333632528782, 0.49499789997935295, 0.47282093204557896, 0.4904395770281553, 0.542573724873364, 0.5222782902419567, 0.5951435780152678, 0.5034063132479787, 0.48286640644073486, 0.5196681534871459, 0.4805134255439043, 0.4967941241338849, 0.5115213012322783, 0.45557162072509527, 0.5079406937584281, 0.5735898381099105, 0.48857435025274754, 0.47579793259501457, 0.47059657610952854, 0.5721824420616031]
[7.606045285239816, 0.4526060111820698, 0.45572946313768625, 0.5627704719081521, 0.4996686028316617, 0.4348215302452445, 0.45518089085817337, 0.3814636906608939, 0.4299218077212572, 0.4759146738797426, 0.45945628453046083, 0.48413839284330606, 0.4799730647355318, 0.3882717490196228, 0.507084421813488, 0.4585593966767192, 0.48018572572618723, 0.4985107369720936, 0.4679878931492567, 0.4155926192179322, 0.47155451588332653, 0.5451071923598647, 0.4726554248481989, 0.4275499116629362, 0.4692795220762491, 0.5283433943986893, 0.4606969300657511, 0.3876452436670661, 0.5423573357984424, 0.5714288959279656, 0.5064088506624103, 0.55287682171911, 0.42425217758864164, 0.5555304046720266, 0.40093324799090624]
[7.626075655221939, 0.4972783634439111, 0.4849864151328802, 0.5190599039196968, 0.5560945328325033, 0.5247905971482396, 0.4007007870823145, 0.5419916361570358, 0.5272262692451477, 0.4964782912284136, 0.4776187939569354, 0.494381295517087, 0.524653185158968, 0.521513145416975, 0.47542675491422415, 0.5492175100371242, 0.45790047105401754, 0.5590302171185613, 0.5327704614028335, 0.5892210062593222, 0.5096608716994524, 0.47322616167366505, 0.5525661464780569, 0.5658833524212241, 0.5138335525989532, 0.4941545445472002, 0.5371805792674422, 0.5378032820299268, 0.4947222163900733, 0.5081579117104411, 0.5251057464629412, 0.5156581439077854, 0.5501432428136468, 0.5084750223904848, 0.5050932643935084]
[8.297155864536762, 0.4386375639587641, 0.4970887843519449, 0.4882213771343231, 0.4884963594377041, 0.4192425748333335, 0.4130603028461337, 0.5323420008644462, 0.47341512329876423, 0.4712241981178522, 0.4926471533253789, 0.5969237824901938, 0.4711990710347891, 0.4355680411681533, 0.49921637400984764, 0.5577496076002717, 0.5740262167528272, 0.6065212916582823, 0.5931037692353129, 0.4650520598515868, 0.46784311905503273, 0.41947800759226084, 0.5240784203633666, 0.48450159654021263, 0.5575727252289653, 0.48259852454066277, 0.4598780907690525, 0.4427499305456877, 0.5142273837700486, 0.48736322205513716, 0.4991789320483804, 0.5026205759495497, 0.49196418561041355, 0.49189993645995855, 0.44442248716950417]
[7.216197351925075, 0.4776427270844579, 0.46419971343129873, 0.4943605763837695, 0.5210289424285293, 0.46637957263737917, 0.5752333560958505, 0.48335954640060663, 0.44973211269825697, 0.4686516709625721, 0.5019446713849902, 0.41077976021915674, 0.4882188430055976, 0.4836963852867484, 0.4896835805848241, 0.5243379604071379, 0.45073654782027006, 0.5234646359458566, 0.4980861162766814, 0.45649168360978365, 0.4800188262015581, 0.48594665713608265, 0.527233718894422, 0.5493637602776289, 0.5492078820243478, 0.5073722917586565, 0.4788999976590276, 0.4774060333147645, 0.511215060018003, 0.5099341990426183, 0.5208283290266991, 0.5503126801922917, 0.46413106471300125, 0.45988716650754213, 0.5075267823413014]
[8.046921115368605, 0.5091945882886648, 0.5176239730790257, 0.49915309622883797, 0.5158605882897973, 0.46568654105067253, 0.5439250282943249, 0.5319098718464375, 0.496766060590744, 0.48774348851293325, 0.4929708642885089, 0.46505344193428755, 0.5139051293954253, 0.4662549337372184, 0.5259555382654071, 0.5370026500895619, 0.48056585155427456, 0.4694889057427645, 0.4285917691886425, 0.5280986372381449, 0.5083264131098986, 0.46326288115233183, 0.5379367647692561, 0.5429851673543453, 0.5283840727061033, 0.49459412693977356, 0.5362363355234265, 0.5992928314954042, 0.6364948470145464, 0.5049482295289636, 0.4575158106163144, 0.5228505106642842, 0.4926742734387517, 0.5689063742756844, 0.49729557149112225]
[7.794237614609301, 0.470191678032279, 0.4847432663664222, 0.4933188995346427, 0.49032686837017536, 0.5566654996946454, 0.5856120083481073, 0.48412432335317135, 0.49445581715554, 0.4167465940117836, 0.5005267728120089, 0.4595094369724393, 0.5423582401126623, 0.5148711912333965, 0.45908622816205025, 0.514985035173595, 0.4556034691631794, 0.4396829232573509, 0.5634183026850224, 0.46249918453395367, 0.4246944971382618, 0.5989351579919457, 0.5726141985505819, 0.47404965851455927, 0.4842756809666753, 0.4518403196707368, 0.5326190525665879, 0.49342740420252085, 0.4253493119031191, 0.4985447693616152, 0.39933931455016136, 0.5612082360312343, 0.44864148180931807, 0.49913163762539625, 0.47941446397453547]
[7.741008183918893, 0.4271339438855648, 0.44556519109755754, 0.4439493529498577, 0.39970803912729025, 0.4233852056786418, 0.4116268139332533, 0.5299157053232193, 0.43593357503414154, 0.4959952887147665, 0.5097846547141671, 0.4146451437845826, 0.4252653196454048, 0.4570876257494092, 0.5028280727565289, 0.4405189612880349, 0.5506967697292566, 0.4340672427788377, 0.4527792939916253, 0.5485386112704873, 0.42384541500359774, 0.46249387226998806, 0.4591362392529845, 0.40489502903074026, 0.48424708750098944, 0.5201329868286848, 0.4258750779554248, 0.6249868990853429, 0.4328176360577345, 0.5455183768644929, 0.46587470825761557, 0.44615304842591286, 0.4487536698579788, 0.4081660704687238, 0.5662188492715359]
[8.000801363959908, 0.47227619402110577, 0.49618890043348074, 0.45063863042742014, 0.5123396441340446, 0.47779307793825865, 0.47572616394609213, 0.5303337890654802, 0.5027516512200236, 0.5026808539405465, 0.5847550705075264, 0.47071400564163923, 0.49364380817860365, 0.4878156716004014, 0.4726859573274851, 0.45299911964684725, 0.528841002844274, 0.4683881467208266, 0.5093250200152397, 0.5296873450279236, 0.48278743401169777, 0.49237715639173985, 0.4998167846351862, 0.5300844674929976, 0.5137591166421771, 0.5531186107546091, 0.5147941708564758, 0.5226635597646236, 0.478945629671216, 0.5153742088004947, 0.4657228710129857, 0.47135052643716335, 0.498910715803504, 0.4447529576718807, 0.4822524394840002]
[8.25243959762156, 0.47107515577226877, 0.47764196805655956, 0.46762824710458517, 0.48428691923618317, 0.4973733024671674, 0.5595277724787593, 0.5223893551155925, 0.5363782644271851, 0.5503772767260671, 0.5072992220520973, 0.5136368796229362, 0.535642622038722, 0.5217658178880811, 0.4908814784139395, 0.5050358176231384, 0.5889794677495956, 0.46811529342085123, 0.5218685744330287, 0.5135620972141623, 0.5137667339295149, 0.46256212517619133, 0.5283273849636316, 0.5101779280230403, 0.45629473216831684, 0.4994478542357683, 0.490548113361001, 0.5187370013445616, 0.48050576634705067, 0.5268504619598389, 0.49958500638604164, 0.608460464514792, 0.49481909815222025, 0.5364080891013145, 0.5144024277105927]
[7.99372786283493, 0.41170342080295086, 0.4150053532794118, 0.5232734754681587, 0.43184691946953535, 0.6244784267619252, 0.4840700486674905, 0.47658803313970566, 0.5254488168284297, 0.3963612522929907, 0.47401217836886644, 0.5047230403870344, 0.49400071892887354, 0.48247778974473476, 0.43429964128881693, 0.48210587818175554, 0.5391571493819356, 0.5051130317151546, 0.42479111533612013, 0.46212079655379057, 0.494075701572001, 0.46759901102632284, 0.531780100427568, 0.47820526640862226, 0.4738184893503785, 0.47844888363033533, 0.42939168121665716, 0.5125486645847559, 0.4649628531187773, 0.47744430508464575, 0.5503405462950468, 0.5250412225723267, 0.43837425112724304, 0.4556096959859133, 0.5364472297951579]
[8.0861871317029, 0.4674787186086178, 0.5780782531946898, 0.4808145761489868, 0.5183943677693605, 0.5209454288706183, 0.5996050937101245, 0.4791728286072612, 0.5151754934340715, 0.4784086011350155, 0.5062365401536226, 0.5297228982672095, 0.4996986584737897, 0.505349108017981, 0.42120086774230003, 0.5514347068965435, 0.5000545661896467, 0.523621940985322, 0.5077748410403728, 0.5404534926638007, 0.48808412346988916, 0.5270826322957873, 0.5556416818872094, 0.6193392835557461, 0.4929722938686609, 0.47349017951637506, 0.4588630860671401, 0.5860031498596072, 0.49361051246523857, 0.46885045152157545, 0.4418958444148302, 0.5427725855261087, 0.49515549186617136, 0.4271783260628581, 0.4884690046310425]
[7.807223254814744, 0.5557992355898023, 0.515263824723661, 0.5062765553593636, 0.49179204646497965, 0.4480475075542927, 0.45629732124507427, 0.4796369392424822, 0.540497581474483, 0.4458809122443199, 0.4165220633149147, 0.4505269080400467, 0.49636795930564404, 0.43972112238407135, 0.4125301130115986, 0.47415956016629934, 0.4879029467701912, 0.540576109662652, 0.5281936125829816, 0.5439734281972051, 0.4391864752396941, 0.45701358560472727, 0.560719134286046, 0.5536732459440827, 0.4584705401211977, 0.5089639639481902, 0.5731624569743872, 0.6201293217018247, 0.46004192531108856, 0.45616041496396065, 0.45604175981134176, 0.5582944042980671, 0.5291962865740061, 0.4771830290555954, 0.5549622513353825]
[7.930382809601724, 0.4751962963491678, 0.4735942455008626, 0.5044114701449871, 0.5161987878382206, 0.5594855481758714, 0.45472046453505754, 0.5107379276305437, 0.6206586761400104, 0.5065514761954546, 0.4908918561413884, 0.5574604291468859, 0.5805731639266014, 0.5674014799296856, 0.4997618794441223, 0.487578809261322, 0.5972623145207763, 0.48697761818766594, 0.46360763534903526, 0.5413839453831315, 0.5343296825885773, 0.4847860001027584, 0.4831926105543971, 0.5294051086530089, 0.5451254770159721, 0.5160643626004457, 0.49772646371275187, 0.5020928615704179, 0.5096062021329999, 0.6068291300907731, 0.471965747885406, 0.5005349013954401]
[7.997218670323491, 0.4075646363198757, 0.5622975258156657, 0.4379434958100319, 0.47419102396816015, 0.48536462616175413, 0.43581119645386934, 0.44629326090216637, 0.4107096614316106, 0.41033058892935514, 0.5944716585800052, 0.4460095539689064, 0.5209814254194498, 0.48779325652867556, 0.4388536289334297, 0.5101850209757686, 0.4607634600251913, 0.394386344589293, 0.6080465205013752, 0.5147729404270649, 0.4196723634377122, 0.4747300846502185, 0.5313537549227476, 0.44095009099692106, 0.46316350158303976, 0.44930821657180786, 0.5849063349887729, 0.4389197248965502, 0.47351480182260275, 0.443044058047235, 0.45750699006021023, 0.5809748712927103, 0.5113157425075769, 0.5715786013752222, 0.47904154006391764]
[8.070464349351823, 0.48679068218916655, 0.48801595624536276, 0.5013484703376889, 0.4896062323823571, 0.49174552131444216, 0.5125499200075865, 0.5709673929959536, 0.5532937431707978, 0.5126682240515947, 0.41691294964402914, 0.47767934761941433, 0.5417667999863625, 0.5678546614944935, 0.523271962068975, 0.5815691892057657, 0.549538561142981, 0.5084797292947769, 0.5205166945233941, 0.4850540133193135, 0.5084386998787522, 0.540933663956821, 0.5339241651818156, 0.5277954479679465, 0.4871812406927347, 0.4662620145827532, 0.4604004668071866, 0.5384863428771496, 0.48652567807585, 0.5172053733840585, 0.47889380156993866, 0.6361082708463073, 0.5083867898210883, 0.6026696441695094, 0.4924959149211645]
[7.212063813582063, 0.4282077671959996, 0.45476206112653017, 0.4719306053593755, 0.5279507441446185, 0.5648812502622604, 0.49961038026958704, 0.4357551699504256, 0.4070029426366091, 0.4304964765906334, 0.44632868748158216, 0.4843772407621145, 0.424585715867579, 0.5531240198761225, 0.445793978869915, 0.4532675528898835, 0.4069838095456362, 0.5488851731643081, 0.5318191321566701, 0.4323620442301035, 0.49424637854099274, 0.521212081424892, 0.5337481386959553, 0.41396975237876177, 0.47372607234865427, 0.5513156270608306, 0.5153926629573107, 0.42472446896135807, 0.5111290868371725, 0.4959100466221571, 0.42575259134173393, 0.5174200898036361, 0.4056458789855242, 0.5491237556561828, 0.4792980505153537]
[8.009544648230076, 0.5671252505853772, 0.5483720907941461, 0.4842356126755476, 0.4984711166471243, 0.5212331134825945, 0.49839271046221256, 0.4525206023827195, 0.49852412194013596, 0.5362484659999609, 0.45373887941241264, 0.5403277296572924, 0.5184029070660472, 0.5144068906083703, 0.46221072878688574, 0.5233700135722756, 0.5195204289630055, 0.5360349044203758, 0.4482761053368449, 0.47839415073394775, 0.4948276150971651, 0.5169586883857846, 0.48209842201322317, 0.5369305405765772, 0.5098707256838679, 0.5709015522152185, 0.5128742251545191, 0.5363555001094937, 0.5497497748583555, 0.48144680075347424, 0.4579364014789462, 0.47772439755499363, 0.5139531064778566, 0.5489758886396885, 0.43680554907768965]
[8.288668110966682, 0.4231920577585697, 0.5087968269363046, 0.490470252931118, 0.45781860779970884, 0.5253928089514375, 0.5133330672979355, 0.4891376933082938, 0.5455739125609398, 0.6045989422127604, 0.5422609699890018, 0.49726587627083063, 0.48098266404122114, 0.4919430650770664, 0.6221946747973561, 0.5400740336626768, 0.5335002550855279, 0.5062138047069311, 0.5020862268283963, 0.5036155506968498, 0.5622757729142904, 0.5135327326133847, 0.5480399988591671, 0.5037012221291661, 0.5430074688047171, 0.5495870029553771, 0.5131707405671477, 0.47496971767395735, 0.5608096718788147, 0.4249560246244073, 0.5795153174549341, 0.4727459466084838, 0.5060374159365892, 0.5366576043888927]
[8.008485574275255, 0.5203616451472044, 0.4478116100654006, 0.4284629886969924, 0.5556013658642769, 0.49130239617079496, 0.41681948583573103, 0.43192332051694393, 0.4926403369754553, 0.40733153373003006, 0.4829921955242753, 0.45684101711958647, 0.4955821232870221, 0.5100406054407358, 0.44466071389615536, 0.40332346875220537, 0.6591726969927549, 0.43879797123372555, 0.47515310999006033, 0.45220788661390543, 0.4886136706918478, 0.5064711915329099, 0.48184543661773205, 0.47766213957220316, 0.4165036901831627, 0.5081447064876556, 0.39922788459807634, 0.5150327077135444, 0.48540963511914015, 0.39606739301234484, 0.47851944249123335, 0.4628687044605613, 0.42731971852481365, 0.4197645131498575, 0.49224595725536346]
[8.241821656003594, 0.4497323911637068, 0.5072942841798067, 0.4640401415526867, 0.434666296467185, 0.46619919780641794, 0.47314624302089214, 0.5012049023061991, 0.4879277776926756, 0.441088049672544, 0.42710304725915194, 0.4951874064281583, 0.47084681410342455, 0.4424152038991451, 0.5648048194125295, 0.5090315649285913, 0.5625787302851677, 0.4720729710534215, 0.47807595413178205, 0.43341249134391546, 0.5747979236766696, 0.4639581497758627, 0.4524520905688405, 0.45940351858735085, 0.6233085133135319, 0.42513732612133026, 0.5840518614277244, 0.5527158109471202, 0.41915157344192266, 0.5039154775440693, 0.5200090184807777, 0.5386709459125996, 0.3791176835075021, 0.5373845519497991, 0.45031722635030746]
[7.659046798944473, 0.4274341659620404, 0.4015991063788533, 0.4258965402841568, 0.4901486113667488, 0.536766929551959, 0.5158518683165312, 0.42741992324590683, 0.4208525726571679, 0.41359199583530426, 0.5075662955641747, 0.41502529568970203, 0.40148044377565384, 0.5632569752633572, 0.4439816251397133, 0.4939510440453887, 0.48145558685064316, 0.5388405714184046, 0.4579991204664111, 0.5549742933362722, 0.4025264289230108, 0.5008916137740016, 0.453965094871819, 0.48380003683269024, 0.4918041294440627, 0.5441156849265099, 0.4180572237819433, 0.6024698251858354, 0.40482284128665924, 0.4831618685275316, 0.47964125499129295, 0.43712679017335176, 0.5711648715659976, 0.46693569235503674, 0.4932604683563113]
[7.882909490726888, 0.5084998374804854, 0.5044800601899624, 0.4652003915980458, 0.5049277693033218, 0.5316183194518089, 0.5236925156787038, 0.4742644429206848, 0.5338880000635982, 0.5118003338575363, 0.5046898033469915, 0.5024660434573889, 0.48620907217264175, 0.627325844950974, 0.6118601281195879, 0.5073690293356776, 0.537895729765296, 0.5168222244828939, 0.5505921486765146, 0.5316703598946333, 0.5093513708561659, 0.6250771302729845, 0.5944494446739554, 0.47861570678651333, 0.47054747119545937, 0.48779492173343897, 0.4869762631133199, 0.49606700241565704, 0.5239502470940351, 0.5501955542713404, 0.5631569381803274, 0.5692708855494857, 0.5340103134512901, 0.47805746365338564, 0.5009246338158846]
[7.7929766504094005, 0.48611824959516525, 0.4380915379151702, 0.5431362390518188, 0.5462193721905351, 0.45038571394979954, 0.5086764525622129, 0.4906383827328682, 0.46734274737536907, 0.4636490400880575, 0.4703007433563471, 0.46569058392196894, 0.5621653376147151, 0.5410754913464189, 0.5196331208571792, 0.5275227669626474, 0.5389845557510853, 0.46092449128627777, 0.5017145499587059, 0.5710899336263537, 0.5198207907378674, 0.5378630189225078, 0.43290395848453045, 0.5280203698202968, 0.48406053986400366, 0.497234839014709, 0.47746383026242256, 0.4279302377253771, 0.49069200083613396, 0.4359056381508708, 0.6090639885514975, 0.4652188690379262, 0.6155104599893093, 0.4486330347135663, 0.5551796853542328]
[7.745367840863764, 0.4991708807647228, 0.46648914832621813, 0.42694333381950855, 0.47209432628005743, 0.4078830052167177, 0.4951917380094528, 0.5325900632888079, 0.5067909192293882, 0.4281951002776623, 0.49730579648166895, 0.4483490567654371, 0.5046589719131589, 0.5041830306872725, 0.4054427007213235, 0.4515239791944623, 0.5177688514813781, 0.42609778232872486, 0.5406904956325889, 0.45468768011778593, 0.44794726744294167, 0.4109319634735584, 0.4884414905682206, 0.5102234641090035, 0.49948959331959486, 0.5064545692875981, 0.46741328202188015, 0.46378728188574314, 0.5094070276245475, 0.43864740431308746, 0.5405821399763227, 0.4046587171033025, 0.608990048058331, 0.39140232279896736, 0.5590212838724256]
[8.570819142274559, 0.4953370299190283, 0.4190345909446478, 0.4626786205917597, 0.4717382825911045, 0.5470610838383436, 0.532824088819325, 0.4535922072827816, 0.4598248200491071, 0.4879698473960161, 0.49540437012910843, 0.49276424292474985, 0.5121174724772573, 0.4958931840956211, 0.4753343928605318, 0.5132880825549364, 0.498378093354404, 0.5650124279782176, 0.4070096081122756, 0.5606532040983438, 0.5880939560011029, 0.5049726711586118, 0.4876812696456909, 0.48094418551772833, 0.47332175727933645, 0.44686476793140173, 0.49648800678551197, 0.5006366157904267, 0.4912066664546728, 0.5117417732253671, 0.5237493105232716, 0.5526953153312206, 0.47430388536304235, 0.6117478851228952, 0.48630994744598866]
[7.876917659305036, 0.5283957868814468, 0.5049512358382344, 0.47316182032227516, 0.5615951372310519, 0.5811475766822696, 0.46959415823221207, 0.51994654443115, 0.47662412002682686, 0.5253291446715593, 0.6584310662001371, 0.4977065809071064, 0.5230273026973009, 0.5302442479878664, 0.47448541037738323, 0.5396353490650654, 0.5679326569661498, 0.5107756396755576, 0.575821228325367, 0.5101039065048099, 0.5404614415019751, 0.514106166549027, 0.5669857831671834, 0.5719508454203606, 0.5096823396161199, 0.4848668333142996, 0.4999936940148473, 0.4889091653749347, 0.5521383387967944, 0.5495934132486582, 0.5104372641071677, 0.5413882313296199, 0.5570217790082097, 0.51257115136832, 0.5218013003468513]
[7.957005815580487, 0.4697884311899543, 0.49571312218904495, 0.5941566191613674, 0.4949486777186394, 0.5169140249490738, 0.507326134480536, 0.49842334911227226, 0.514604720287025, 0.45617918856441975, 0.5023062834516168, 0.5514088636264205, 0.49705310445278883, 0.4995071878656745, 0.5325031839311123, 0.49205740354955196, 0.5141160963103175, 0.5226454716175795, 0.5505146877840161, 0.5238529806956649, 0.4861401356756687, 0.5066462680697441, 0.5850740615278482, 0.5628177784383297, 0.5360996965318918, 0.4710335051640868, 0.5318317590281367, 0.45532899536192417, 0.5007061716169119, 0.49967843759804964, 0.5249640205875039, 0.576062991283834, 0.42849141638725996, 0.5067491233348846, 0.4939408637583256]
[7.633626224473119, 0.47927006520330906, 0.5398597391322255, 0.5518826488405466, 0.5172838009893894, 0.4370576022192836, 0.46802940405905247, 0.48513918183743954, 0.40698163490742445, 0.41174666956067085, 0.5852510556578636, 0.4578207153826952, 0.5069613913074136, 0.4467987762764096, 0.548297424800694, 0.47917613200843334, 0.612272921949625, 0.5035449052229524, 0.5483427634462714, 0.4861062252894044, 0.4049963830038905, 0.5501547530293465, 0.5284136747941375, 0.494278272613883, 0.47761885821819305, 0.5702582104131579, 0.5561038600280881, 0.6027275929227471, 0.47523627430200577, 0.40989742893725634, 0.48162500839680433, 0.4825713196769357, 0.5564430644735694, 0.48392778914421797, 0.5152540998533368]
[7.852190315723419, 0.513180430047214, 0.47904494497925043, 0.4899947699159384, 0.574159168638289, 0.5387453818693757, 0.45394341368228197, 0.4442827356979251, 0.47607295867055655, 0.4713916517794132, 0.4044073922559619, 0.5020596487447619, 0.5780574083328247, 0.4858306422829628, 0.5092887822538614, 0.48702140152454376, 0.5243827616795897, 0.585796152241528, 0.5626505659893155, 0.5024804379791021, 0.4451745841652155, 0.4553517419844866, 0.5176439331844449, 0.41762093640863895, 0.4708773009479046, 0.557414598762989, 0.5464701456949115, 0.4923173366114497, 0.5257768547162414, 0.4779137661680579, 0.45026126224547625, 0.44751059636473656, 0.5277933347970247, 0.5371185364201665, 0.47829434741288424]
[8.099308366887271, 0.545056021772325, 0.5150808859616518, 0.4246479356661439, 0.39940546825528145, 0.40942941326647997, 0.5080194976180792, 0.5351973762735724, 0.41810279060155153, 0.4908189410343766, 0.49138533044606447, 0.5605093510821462, 0.6180812818929553, 0.58130575530231, 0.442493318580091, 0.48435890208929777, 0.48127276450395584, 0.5221763271838427, 0.43491951562464237, 0.48077172972261906, 0.4752649776637554, 0.5049356929957867, 0.5584224872291088, 0.39834124129265547, 0.5958183389157057, 0.46000162325799465, 0.42242921236902475, 0.4970671646296978, 0.4444207940250635, 0.47503408789634705, 0.4423666698858142, 0.4155784510076046, 0.45310845877975225, 0.4336232887580991, 0.6287216199561954]
[7.8718519834801555, 0.5113166254013777, 0.4973693583160639, 0.45049228705465794, 0.4926240611821413, 0.5441560847684741, 0.4812133042141795, 0.5121195912361145, 0.529626052826643, 0.5130095845088363, 0.5812631975859404, 0.4769852552562952, 0.4727286100387573, 0.4789984477683902, 0.5422949157655239, 0.5075245276093483, 0.5956017728894949, 0.4943488696590066, 0.5167375532910228, 0.5449235243722796, 0.5092921806499362, 0.47814562264829874, 0.5178580284118652, 0.46639436203986406, 0.4912713309749961, 0.5079414062201977, 0.5231099333614111, 0.4857070939615369, 0.4332928070798516, 0.4724825778976083, 0.47998585645109415, 0.5281464792788029, 0.5541052836924791, 0.4714731900021434, 0.539523545652628]
[7.954231336712837, 0.46939208544790745, 0.4662096882238984, 0.5051114922389388, 0.4791442435234785, 0.49942036252468824, 0.48084026481956244, 0.4593137064948678, 0.463124617934227, 0.5154123231768608, 0.6076516900211573, 0.5176532994955778, 0.4601150508970022, 0.45823995396494865, 0.49057586304843426, 0.5121901305392385, 0.49049396719783545, 0.623971464112401, 0.4975940305739641, 0.5820736354216933, 0.46584205236285925, 0.5425250148400664, 0.5196143081411719, 0.5398535570129752, 0.5076213059946895, 0.4851464759558439, 0.48667303659021854, 0.46819594502449036, 0.46414521150290966, 0.45857769902795553, 0.46419396717101336, 0.48460976127535105, 0.484631740488112, 0.5152859995141625, 0.4747441876679659]
[8.171875790692866, 0.48979991488158703, 0.5182929718866944, 0.4735527755692601, 0.5079002697020769, 0.5011911289766431, 0.5233271215111017, 0.5634634615853429, 0.4998968308791518, 0.5193269969895482, 0.5221660975366831, 0.47266524005681276, 0.4686880763620138, 0.49648824241012335, 0.4872179999947548, 0.5245279418304563, 0.5425636488944292, 0.4904945669695735, 0.45712150260806084, 0.4679951434955001, 0.5142884002998471, 0.48394950293004513, 0.5062105841934681, 0.5610811151564121, 0.45236447360366583, 0.5379619691520929, 0.5784713085740805, 0.4743967270478606, 0.4910679506137967, 0.47710060235112906, 0.4867976801469922, 0.4992596311494708, 0.4825862646102905, 0.5073151970282197, 0.4818259375169873]
[7.488857405260205, 0.5360290985554457, 0.4990523876622319, 0.4747791774570942, 0.4959672726690769, 0.5798305412754416, 0.4895157543942332, 0.49550872575491667, 0.5041659846901894, 0.46723172534257174, 0.4626934127882123, 0.5520739490166306, 0.5245371293276548, 0.4866481274366379, 0.4727046303451061, 0.49995031487196684, 0.5797677077353001, 0.4551378823816776, 0.5601824624463916, 0.5334485406056046, 0.5423214491456747, 0.5155548462644219, 0.5335809867829084, 0.5049900002777576, 0.5914508979767561, 0.5340895811095834, 0.5253529492765665, 0.5180975599214435, 0.5397692350670695, 0.5358549738302827, 0.5292187193408608, 0.4944950258359313, 0.4882538616657257, 0.5563137950375676, 0.514299837872386]
[8.161992638371885, 0.5212628003209829, 0.4929202124476433, 0.5006165821105242, 0.5220868326723576, 0.5067641893401742, 0.5082987155765295, 0.5230306591838598, 0.4797707973048091, 0.554616242647171, 0.4841796662658453, 0.5039326827973127, 0.487760154530406, 0.5278063891455531, 0.5690783718600869, 0.5164873218163848, 0.5348720643669367, 0.5234857611358166, 0.508677770383656, 0.5012379717081785, 0.5450337417423725, 0.49998010601848364, 0.52856604475528, 0.517038275487721, 0.5506686251610518, 0.5149859115481377, 0.5267804963514209, 0.4816309167072177, 0.6056153206154704, 0.5139089515432715, 0.5259286751970649, 0.560179365798831, 0.5418167253956199, 0.5363176511600614, 0.5217587724328041]
[7.893216611817479, 0.4246037881821394, 0.4202793436124921, 0.5137817990034819, 0.5291122999042273, 0.49488089233636856, 0.5044310949742794, 0.5587069615721703, 0.4215624239295721, 0.40104516223073006, 0.5298087671399117, 0.4697341350838542, 0.5199389904737473, 0.49141914024949074, 0.5743058286607265, 0.6277487203478813, 0.46535087656229734, 0.42483900114893913, 0.51221754681319, 0.4812895618379116, 0.47207700926810503, 0.5514170909300447, 0.5638641538098454, 0.5039109764620662, 0.5322749726474285, 0.5713370209559798, 0.4816119382157922, 0.5056810770183802, 0.5100386738777161, 0.47777135111391544, 0.5604119291529059, 0.6041825460270047, 0.5476620327681303, 0.47406147699803114, 0.4515944803133607]
[8.507102181203663, 0.48797858506441116, 0.48184709623456, 0.4437395306304097, 0.5113711366429925, 0.5779248205944896, 0.5328144384548068, 0.5138736423105001, 0.5434491401538253, 0.5924661383032799, 0.47612470388412476, 0.48253116197884083, 0.5039729196578264, 0.5447427211329341, 0.6355021642521024, 0.43355806451290846, 0.5388197069987655, 0.5229765940457582, 0.54288449883461, 0.5170659301802516, 0.5232117660343647, 0.469626042060554, 0.4552032174542546, 0.41693936195224524, 0.5382041297852993, 0.49262011516839266, 0.5558001147583127, 0.46883552614599466, 0.49001168366521597, 0.5005289297550917, 0.5130019122734666, 0.5546293370425701, 0.4350842460989952]
[7.8712893119081855, 0.5088755199685693, 0.5191212752833962, 0.41207634657621384, 0.46371547132730484, 0.47786276414990425, 0.4737862516194582, 0.4554840987548232, 0.4570534033700824, 0.5485467687249184, 0.5546278143301606, 0.4281761161983013, 0.5643980922177434, 0.437040482647717, 0.5929258288815618, 0.49837799184024334, 0.42535361740738153, 0.43628474697470665, 0.5831305906176567, 0.4785607401281595, 0.41224701702594757, 0.4154552649706602, 0.46296291425824165, 0.5257941512390971, 0.4289543451741338, 0.5519989905878901, 0.456819299608469, 0.4153207438066602, 0.47124518640339375, 0.4303003055974841, 0.539470330812037, 0.4382364619523287, 0.5572474654763937, 0.41515172738581896, 0.5164037700742483]
[7.691262997686863, 0.5184368090704083, 0.5081724096089602, 0.5078738871961832, 0.5155771402642131, 0.49246216751635075, 0.4917015200480819, 0.5548324724659324, 0.5243467083200812, 0.5196404410526156, 0.5092733195051551, 0.46495004277676344, 0.49995588324964046, 0.535686251707375, 0.554949076846242, 0.5037283524870872, 0.5000437712296844, 0.5781530672684312, 0.569347158074379, 0.5241725286468863, 0.4730351800099015, 0.5815126281231642, 0.5286261374130845, 0.4879708541557193, 0.4986985372379422, 0.5041578803211451, 0.531391684897244, 0.6010890798643231, 0.5290374895557761, 0.6188768744468689, 0.5147855142131448, 0.5917808450758457, 0.508692504838109, 0.640698928385973, 0.5035358052700758]
[8.286645595915616, 0.4524089936167002, 0.44562600553035736, 0.5019342787563801, 0.52033706381917, 0.48676121421158314, 0.5264332639053464, 0.534266228787601, 0.45309994742274284, 0.5152239045128226, 0.46575296204537153, 0.4926137672737241, 0.5059613846242428, 0.4819449931383133, 0.5278655104339123, 0.4685974270105362, 0.5284937601536512, 0.5028474247083068, 0.6031806077808142, 0.4677752498537302, 0.5384658351540565, 0.5150007409974933, 0.541144073009491, 0.4642596822232008, 0.4627602193504572, 0.4753135144710541, 0.47140409983694553, 0.433796645142138, 0.4794180504977703, 0.5655221743509173, 0.5292126461863518, 0.598971389234066, 0.4480105247348547, 0.582998538389802, 0.4247472258284688]
[8.18061994574964, 0.4731561252847314, 0.47272016294300556, 0.41222869232296944, 0.4750407384708524, 0.5314804296940565, 0.5392753425985575, 0.4428374879062176, 0.46618323773145676, 0.45736934430897236, 0.44921609200537205, 0.5404566451907158, 0.5500658834353089, 0.5336703807115555, 0.4772521751001477, 0.4846958490088582, 0.4670261722058058, 0.574216210283339, 0.43444861099123955, 0.5046880096197128, 0.4678409034386277, 0.49331163242459297, 0.5312866820022464, 0.4688292145729065, 0.47865143697708845, 0.43056012596935034, 0.5005504041910172, 0.48284585028886795, 0.5430564135313034, 0.4502296280115843, 0.5131872789934278, 0.48059165850281715, 0.5115530071780086, 0.5045078936964273, 0.48403350263834]
[8.008058319799602, 0.49227513652294874, 0.569820418022573, 0.5232004122808576, 0.5016142651438713, 0.5987823195755482, 0.4332308853045106, 0.4721143748611212, 0.5957205686718225, 0.4286554893478751, 0.4497613441199064, 0.5841658236458898, 0.48580338060855865, 0.4691145643591881, 0.4386545801535249, 0.5663553569465876, 0.5953525798395276, 0.4692425113171339, 0.417193666100502, 0.4367188960313797, 0.5100970845669508, 0.5419670501723886, 0.4232646655291319, 0.5543969720602036, 0.49662928376346827, 0.5018548760563135, 0.3976372368633747, 0.5601951079443097, 0.5170158548280597, 0.45342215336859226, 0.5063249561935663, 0.4566077832132578, 0.5677112601697445, 0.38849431928247213, 0.5543048530817032]
[8.04472325835377, 0.4175930628553033, 0.4894587052986026, 0.44857072457671165, 0.4013168131932616, 0.4339424120262265, 0.5132879726588726, 0.4877078887075186, 0.5545260068029165, 0.4096826361492276, 0.4932339694350958, 0.39520521368831396, 0.43904596380889416, 0.49336548801511526, 0.43188268039375544, 0.5551101360470057, 0.4841962242498994, 0.3879698906093836, 0.5537921050563455, 0.45560375787317753, 0.5364517839625478, 0.3985281754285097, 0.5135824251919985, 0.47761639580130577, 0.4283668054267764, 0.48643404711037874, 0.45345810893923044, 0.5636760592460632, 0.4149280581623316, 0.572882616892457, 0.482846537604928, 0.4226895058527589, 0.48626000713557005, 0.5099801169708371, 0.3947409400716424]
[7.975862719118595, 0.44918028824031353, 0.5103159742429852, 0.4818988759070635, 0.44687533751130104, 0.4158190004527569, 0.45304638985544443, 0.4766524462029338, 0.43189141247421503, 0.49808724131435156, 0.4303088653832674, 0.5016551315784454, 0.4486592886969447, 0.6069452622905374, 0.44771665800362825, 0.42592197097837925, 0.4860250623896718, 0.4779885411262512, 0.4337911931797862, 0.5304507715627551, 0.4399971393868327, 0.4805579949170351, 0.5268038054928184, 0.4866040702909231, 0.3845890434458852, 0.5872697839513421, 0.5041971746832132, 0.41792505607008934, 0.4988594325259328, 0.4696550974622369, 0.5369924064725637, 0.40404487773776054, 0.5918812640011311, 0.5174706494435668, 0.4236166598275304]
[7.730165437795222, 0.4116125926375389, 0.5086205173283815, 0.492284475825727, 0.45005514845252037, 0.47300125751644373, 0.434944573789835, 0.5235132090747356, 0.5458889352157712, 0.5025065550580621, 0.4879469806328416, 0.4784934762865305, 0.4889595229178667, 0.462247584015131, 0.4590890584513545, 0.4610012909397483, 0.4944931222125888, 0.4603922413662076, 0.4558967621996999, 0.6094022803008556, 0.5081338714808226, 0.5041899178177118, 0.4967051139101386, 0.441406630910933, 0.47280917782336473, 0.5676859924569726, 0.4896074552088976, 0.5322237489745021, 0.5170956254005432, 0.4187050787732005, 0.4833543738350272, 0.4347274834290147, 0.4316372945904732, 0.4787129797041416, 0.5416072709485888]
[7.5536146853119135, 0.45875058602541685, 0.4602507743984461, 0.530652224086225, 0.5469596963375807, 0.4370880564674735, 0.5713578136637807, 0.4791383445262909, 0.46729119773954153, 0.4854691233485937, 0.48281033895909786, 0.4242573017254472, 0.44773147720843554, 0.5820923857390881, 0.6201435867697, 0.5068580927327275, 0.4191305926069617, 0.5386011740192771, 0.5775839285925031, 0.5251303957775235, 0.5052816346287727, 0.5631974088028073, 0.5704193394631147, 0.44669095426797867, 0.48584665171802044, 0.5495130373165011, 0.5202837269753218, 0.44666709285229445, 0.41850645653903484, 0.6087421756237745, 0.43109819386154413, 0.5683890180662274, 0.4575698608532548, 0.4517605546861887, 0.5002016546204686]
[7.571772283874452, 0.4786060070618987, 0.5050709871575236, 0.493592681363225, 0.452299602329731, 0.5599221717566252, 0.561693724244833, 0.46854482777416706, 0.4928540177643299, 0.567220545373857, 0.5168535728007555, 0.5528680803254247, 0.5383673794567585, 0.5071411486715078, 0.49167455453425646, 0.5320515790954232, 0.5114694889634848, 0.4754676027223468, 0.6039307676255703, 0.5244383001700044, 0.5930485604330897, 0.5560598224401474, 0.502189134247601, 0.4929002486169338, 0.4740231838077307, 0.48881480284035206, 0.4833714785054326, 0.5388490948826075, 0.5387050369754434, 0.6006979998201132, 0.4619857044890523, 0.5946723176166415, 0.47152742091566324, 0.5213614767417312, 0.5449412111192942]
[7.73070777580142, 0.45737540908157825, 0.4725878443568945, 0.45320473704487085, 0.5048191668465734, 0.429174292832613, 0.4066580878570676, 0.4973673513159156, 0.4666882771998644, 0.48247849475592375, 0.4648264655843377, 0.46601229440420866, 0.5890421159565449, 0.5287417294457555, 0.49371850956231356, 0.5224676169455051, 0.5366117311641574, 0.4987806724384427, 0.4997817976400256, 0.4705580910667777, 0.4505604933947325, 0.48007039818912745, 0.5430258763954043, 0.3996231099590659, 0.4793531419709325, 0.42936251033097506, 0.5519061470404267, 0.508110485970974, 0.5996497226879001, 0.40403109043836594, 0.5382597604766488, 0.45687474962323904, 0.5012062964960933, 0.46760890632867813, 0.43066961504518986]
[7.321057776920497, 0.48653573263436556, 0.4946225481107831, 0.43911714293062687, 0.451360116712749, 0.421395743265748, 0.47854871302843094, 0.46840595081448555, 0.39548792596906424, 0.4572686366736889, 0.5499085644260049, 0.4822158133611083, 0.533141665160656, 0.5612378856167197, 0.5180430645123124, 0.49510742723941803, 0.5338661978021264, 0.5499203354120255, 0.4722032528370619, 0.44399966951459646, 0.5125520564615726, 0.5058292271569371, 0.5408626301214099, 0.5115495165809989, 0.4740168610587716, 0.5265407152473927, 0.476226176135242, 0.465887701138854, 0.4467859799042344, 0.5759041383862495, 0.5507980678230524, 0.46461032051593065, 0.4706669691950083, 0.4424371048808098, 0.5117143020033836]
[8.311251618899405, 0.4624973936006427, 0.40934992395341396, 0.49287161882966757, 0.43992069084197283, 0.5031660720705986, 0.49205387104302645, 0.48012680746614933, 0.5057799024507403, 0.5248820306733251, 0.5512047735974193, 0.5049823941662908, 0.44106021523475647, 0.4341614004224539, 0.509583106264472, 0.4090945078060031, 0.4984365738928318, 0.5040064211934805, 0.5225626360625029, 0.5824942598119378, 0.45199466682970524, 0.4218735285103321, 0.4261202523484826, 0.5494478223845363, 0.47166466526687145, 0.5214735735207796, 0.5631925417110324, 0.41264051012694836, 0.48942105658352375, 0.4939640751108527, 0.4016867484897375, 0.4751588348299265, 0.5257580569013953, 0.5415954627096653, 0.40119065530598164]
[7.292813745327294, 0.5330415787175298, 0.5146883893758059, 0.5625409726053476, 0.5207255240529776, 0.48368681222200394, 0.48087826557457447, 0.4653968969359994, 0.5026158196851611, 0.5166057897731662, 0.5121387904509902, 0.5695755863562226, 0.5221373187378049, 0.5732187628746033, 0.5344997504726052, 0.49811953492462635, 0.513268306851387, 0.5110809076577425, 0.497813175432384, 0.4229997880756855, 0.5318653862923384, 0.4604251738637686, 0.5259453905746341, 0.5324832573533058, 0.50697554461658, 0.4985837545245886, 0.4999487306922674, 0.5005849022418261, 0.5201235832646489, 0.506023058667779, 0.5310273794457316, 0.4821070861071348, 0.5495321769267321, 0.5156479999423027, 0.626072452403605]
[8.1037688665092, 0.5712577691301703, 0.44787266571074724, 0.48702588584274054, 0.560599671676755, 0.5711602792143822, 0.5541631653904915, 0.4611637257039547, 0.45841141790151596, 0.5475658690556884, 0.40824041701853275, 0.47265307139605284, 0.48623010609298944, 0.47184636257588863, 0.49490602500736713, 0.487392071634531, 0.4955943739041686, 0.4154489301145077, 0.4362200116738677, 0.4232742842286825, 0.6047220705077052, 0.4666911093518138, 0.4961957987397909, 0.46928001567721367, 0.5332208769395947, 0.4549321001395583, 0.4146457463502884, 0.45517057087272406, 0.46210868190973997, 0.6196845965459943, 0.5356629975140095, 0.4457124350592494, 0.43223727867007256, 0.5009741215035319, 0.5033054267987609]
[6.88157941121608, 0.6217371355742216, 0.5067257108166814, 0.4899303764104843, 0.4661857355386019, 0.46341790817677975, 0.5234229462221265, 0.510380083695054, 0.43360053934156895, 0.47338296100497246, 0.5247316965833306, 0.4478580020368099, 0.4527576928958297, 0.48970632161945105, 0.5602397723123431, 0.5880975294858217, 0.5236812168732285, 0.5415928475558758, 0.49420126155018806, 0.490711472928524, 0.42242640536278486, 0.5634068436920643, 0.5535883186385036, 0.4720989800989628, 0.4531978415325284, 0.48705579061061144, 0.4660115595906973, 0.542305888608098, 0.49559700582176447, 0.4923973474651575, 0.5061769532039762, 0.4943530010059476, 0.48102961014956236, 0.44838336296379566, 0.5282688653096557]
[7.71451667137444, 0.47682831436395645, 0.4764440208673477, 0.5280910581350327, 0.5059746438637376, 0.5546223921701312, 0.5011748177930713, 0.5253917640075088, 0.5899444799870253, 0.5282490970566869, 0.5016231248155236, 0.4973500305786729, 0.5040044914931059, 0.5381832420825958, 0.509599388577044, 0.504705797880888, 0.5469714337959886, 0.4919445738196373, 0.4795833658427, 0.5009849742054939, 0.48802373837679625, 0.47718695644289255, 0.6093505751341581, 0.49493343755602837, 0.4425554145127535, 0.466725105419755, 0.587367907166481, 0.5240662293508649, 0.5371478609740734, 0.4744705939665437, 0.48160448018461466, 0.5111593194305897, 0.5520550617948174, 0.5641052331775427, 0.5010269759222865]
[6.975718031637371, 0.5866374364122748, 0.48234885837882757, 0.4906656797975302, 0.4881081273779273, 0.5432593179866672, 0.5441849362105131, 0.5296602100133896, 0.43645171355456114, 0.4710692213848233, 0.5148448273539543, 0.477622477337718, 0.5249879937618971, 0.540207083337009, 0.5034984964877367, 0.4777124598622322, 0.48988008964806795, 0.49682019371539354, 0.4795231632888317, 0.5964760696515441, 0.48251919262111187, 0.47358737140893936, 0.4778154129162431, 0.4973450843244791, 0.4854116616770625, 0.5195608083158731, 0.48098781146109104, 0.4896972682327032, 0.48535420652478933, 0.4985279608517885, 0.5033243391662836, 0.5263563748449087, 0.47451192792505026, 0.493654060177505, 0.49859143886715174]
[8.127469056285918, 0.5589949805289507, 0.5091321123763919, 0.525546969845891, 0.5031434008851647, 0.432943357154727, 0.38997432962059975, 0.42814703192561865, 0.42946041002869606, 0.49276037886738777, 0.4339235397055745, 0.47841734904795885, 0.4878417095169425, 0.5341949267312884, 0.5031317509710789, 0.5197879169136286, 0.4705805266276002, 0.5058595603331923, 0.45828596595674753, 0.49425657093524933, 0.4072822658345103, 0.5214055757969618, 0.43342629075050354, 0.605243930593133, 0.4108724435791373, 0.5623906515538692, 0.4606456905603409, 0.4208556031808257, 0.49840477015823126, 0.48808266408741474, 0.48864632472395897, 0.4806021898984909, 0.5591308623552322, 0.4026795392856002, 0.5986318653449416]
[8.190220824442804, 0.4917928343638778, 0.5283834440633655, 0.4827732481062412, 0.49594644643366337, 0.4809212675318122, 0.43562223948538303, 0.5714233471080661, 0.4704601690173149, 0.5043645836412907, 0.5030179470777512, 0.5133383776992559, 0.4975038254633546, 0.49001204315572977, 0.5567424604669213, 0.5217117629945278, 0.5201887581497431, 0.4927433179691434, 0.5982070229947567, 0.43643745593726635, 0.5524330567568541, 0.45116149820387363, 0.5135743096470833, 0.4848344614729285, 0.4189337445423007, 0.4693588428199291, 0.4537834385409951, 0.4810086125507951, 0.4952899282798171, 0.5263163391500711, 0.5214267298579216, 0.4724720111116767, 0.4592798901721835, 0.521532578393817, 0.4927498921751976]
[7.823566036298871, 0.5080449096858501, 0.5264354031533003, 0.5142119862139225, 0.4874648340046406, 0.6148812184110284, 0.4834274956956506, 0.5896741794422269, 0.5401580221951008, 0.516110816039145, 0.5225213784724474, 0.46486113872379065, 0.5120343985036016, 0.516924362629652, 0.5423396797850728, 0.5179251795634627, 0.5489263003692031, 0.5028836010023952, 0.5372725045308471, 0.49786075949668884, 0.6121551021933556, 0.5593107454478741, 0.5550691168755293, 0.47953275591135025, 0.4826943837106228, 0.516029785387218, 0.5303281676024199, 0.5238428013399243, 0.4526695404201746, 0.54048075620085, 0.48461775854229927, 0.5534122083336115, 0.4739958718419075, 0.47593011800199747, 0.4374670973047614]
[7.053096381947398, 0.5499934731051326, 0.5503657581284642, 0.49142652936279774, 0.54039993789047, 0.4898272827267647, 0.4952502939850092, 0.5128588872030377, 0.461477417498827, 0.6218258365988731, 0.48580934293568134, 0.47022564988583326, 0.43524904549121857, 0.5583749879151583, 0.4285426763817668, 0.5217574816197157, 0.4140123026445508, 0.45976083260029554, 0.5124046532437205, 0.6169526819139719, 0.5013011293485761, 0.47099441941827536, 0.4470325643196702, 0.5365235777571797, 0.5835026167333126, 0.4897597162052989, 0.4291336154565215, 0.5305818365886807, 0.49325846787542105, 0.5756260938942432, 0.4813450174406171, 0.5128374947234988, 0.5839229635894299, 0.5218495260924101, 0.4747682521119714]
[7.534389418549836, 0.4955935450270772, 0.5414310377091169, 0.5562796369194984, 0.5335029428824782, 0.5075935106724501, 0.5976537177339196, 0.4753954475745559, 0.45397200901061296, 0.47603548131883144, 0.39963677804917097, 0.4434081632643938, 0.4437563270330429, 0.5130600389093161, 0.39512587897479534, 0.411333235912025, 0.5068725235760212, 0.46828009746968746, 0.5355364261195064, 0.46313786413520575, 0.43054513167589903, 0.5027785692363977, 0.5057899160310626, 0.5256154276430607, 0.47979467269033194, 0.5091060698032379, 0.5055955592542887, 0.4866132577881217, 0.42064386140555143, 0.4420203072950244, 0.5360799403861165, 0.48200731724500656, 0.4843419920653105, 0.4151144605129957, 0.4580586524680257]
[7.021017466671765, 0.6312387306243181, 0.5899942303076386, 0.5150198945775628, 0.5049370909109712, 0.5407923553138971, 0.4973089611157775, 0.50142268743366, 0.45468295831233263, 0.4692005719989538, 0.45837971940636635, 0.5589072061702609, 0.47315916791558266, 0.44619504455477, 0.48015311267226934, 0.4901464618742466, 0.4455834301188588, 0.5009790137410164, 0.462178697809577, 0.531695980578661, 0.5089966030791402, 0.4942005919292569, 0.5419940846040845, 0.6434370633214712, 0.5055706584826112, 0.47241397202014923, 0.5127034457400441, 0.5225691897794604, 0.4558520903810859, 0.5245548225939274, 0.4804537883028388, 0.5189231066033244, 0.4752865796908736, 0.4972353084012866, 0.4240723056718707]
[7.9862600192427635, 0.523890663869679, 0.5321068894118071, 0.5522127225995064, 0.47786202281713486, 0.5592777384445071, 0.43913598358631134, 0.4984285840764642, 0.45270221401005983, 0.4232634734362364, 0.4087210660800338, 0.547714308835566, 0.46660741977393627, 0.3915162868797779, 0.4419427188113332, 0.5217266296967864, 0.49351465329527855, 0.46579862758517265, 0.5810343623161316, 0.42844728101044893, 0.47066363226622343, 0.5557006224989891, 0.4016714645549655, 0.5820427173748612, 0.3947300249710679, 0.5828799782320857, 0.4979421328753233, 0.5292325047776103, 0.5568738542497158, 0.3940156549215317, 0.6337683526799083, 0.4830706249922514, 0.5157419098541141, 0.46150844637304544, 0.5855797734111547]
[8.063336082734168, 0.49574490264058113, 0.4361386885866523, 0.41478527523577213, 0.4958795169368386, 0.4961329270154238, 0.40901558194309473, 0.5154233546927571, 0.43060898035764694, 0.4740808857604861, 0.4101609280332923, 0.6145987529307604, 0.4836579691618681, 0.4980948902666569, 0.5346944946795702, 0.43457052763551474, 0.5161693105474114, 0.5560634871944785, 0.390856902115047, 0.4938697526231408, 0.4919363548979163, 0.5631668027490377, 0.45959130581468344, 0.49311827309429646, 0.4984794296324253, 0.4488718919456005, 0.44830598030239344, 0.5685508493334055, 0.5660742446780205, 0.375454468652606, 0.4922988386824727, 0.4503442654386163, 0.5011389991268516, 0.5472390288487077, 0.47782487608492374]
[7.729149578139186, 0.5082243774086237, 0.48393986374139786, 0.46573869697749615, 0.4839024292305112, 0.4704094436019659, 0.4462664481252432, 0.5363091444596648, 0.43559255078434944, 0.46458568051457405, 0.47075992450118065, 0.5338861374184489, 0.49767306074500084, 0.514846058562398, 0.4652732349932194, 0.5782769033685327, 0.4505115086212754, 0.48927786387503147, 0.5041241208091378, 0.5631748326122761, 0.40529118850827217, 0.5819701524451375, 0.5050934925675392, 0.5729227773845196, 0.4085202729329467, 0.6007376695051789, 0.4692965317517519, 0.47758965101093054, 0.53301967587322, 0.49603692535310984, 0.48169008549302816, 0.479705142788589, 0.5888146497309208, 0.45967074669897556, 0.5578003926202655]
[7.89054492674768, 0.4758313549682498, 0.47559657599776983, 0.5206462536007166, 0.5510960835963488, 0.5170342791825533, 0.48633114248514175, 0.5053239027038217, 0.5349671598523855, 0.4643468512222171, 0.5232574716210365, 0.6022981274873018, 0.5500428285449743, 0.5056252088397741, 0.5048933029174805, 0.5065973196178675, 0.4921302003785968, 0.4731695866212249, 0.5094749117270112, 0.5573189612478018, 0.47023705020546913, 0.5164821576327085, 0.5893675535917282, 0.5665997276082635, 0.5195118207484484, 0.5178070021793246, 0.5210345610976219, 0.565606557764113, 0.5164974126964808, 0.5004310151562095, 0.5645905025303364, 0.5164392068982124, 0.49507085513323545, 0.5766024086624384, 0.4993008114397526]
[8.514953243546188, 0.4719082536175847, 0.5696891294792295, 0.4893155572935939, 0.4352676644921303, 0.4215412298217416, 0.43656225875020027, 0.5518093826249242, 0.4493985269218683, 0.5191428354009986, 0.5214565796777606, 0.4557194737717509, 0.5499178627505898, 0.46602167654782534, 0.4645100412890315, 0.4114188337698579, 0.4176900601014495, 0.45773906353861094, 0.4721484985202551, 0.4557297760620713, 0.4762924062088132, 0.4253160450607538, 0.6186696458607912, 0.40485116466879845, 0.512560036033392, 0.4725523255765438, 0.5433564865961671, 0.38222833070904016, 0.4932364635169506, 0.49375177826732397, 0.37910084147006273, 0.5088685397058725, 0.47707759216427803, 0.4596723522990942, 0.3962693018838763]
[7.800147754140198, 0.40337224025279284, 0.44850417878478765, 0.508255417458713, 0.4375398885458708, 0.4691482726484537, 0.48145665880292654, 0.45889157988131046, 0.41904356610029936, 0.48742603696882725, 0.5487526329234242, 0.3989427024498582, 0.41399215068668127, 0.5189018677920103, 0.48918909952044487, 0.42134642973542213, 0.5804133024066687, 0.4785998184233904, 0.5285485591739416, 0.3985871793702245, 0.5821077832952142, 0.49913666024804115, 0.46683508064597845, 0.5484666433185339, 0.41735762264579535, 0.6078120386227965, 0.45564995147287846, 0.42817417718470097, 0.5256709130480886, 0.4860117044299841, 0.43884160090237856, 0.4707222320139408, 0.5120810531079769, 0.44773169606924057, 0.38697944674640894]
[8.019255026243627, 0.49057663325220346, 0.5069056758657098, 0.46681280340999365, 0.49001794401556253, 0.4388819085434079, 0.5191575521603227, 0.4812925299629569, 0.6012498643249273, 0.5850860234349966, 0.4520675763487816, 0.48994494415819645, 0.4524870691820979, 0.5215117381885648, 0.4077829821035266, 0.5930687580257654, 0.4776629116386175, 0.4576983842998743, 0.5469775684177876, 0.40959450509399176, 0.5442042173817754, 0.4783601686358452, 0.5152382720261812, 0.4057540437206626, 0.5423639137297869, 0.5168963093310595, 0.5640952587127686, 0.49478429928421974, 0.47873038426041603, 0.5003078207373619, 0.42332090623676777, 0.5768236508592963, 0.4322063187137246, 0.4597269594669342, 0.471701861359179]
[7.9852571757510304, 0.4867158206179738, 0.4195737726986408, 0.4511051829904318, 0.4550630245357752, 0.5139509923756123, 0.49411765858531, 0.4721712740138173, 0.4806233635172248, 0.46966130658984184, 0.5239966548979282, 0.4566897740587592, 0.5398879302665591, 0.4571184916421771, 0.5579685289412737, 0.4819653583690524, 0.6018829690292478, 0.4427294433116913, 0.4913384485989809, 0.4730543661862612, 0.4511216785758734, 0.5152567150071263, 0.5137013215571642, 0.4774840520694852, 0.4756466941908002, 0.5528251370415092, 0.49451780319213867, 0.4900012230500579, 0.5004829969257116, 0.48345701303333044, 0.4839987326413393, 0.5244026202708483, 0.44971953984349966, 0.45514371059834957, 0.5564697571098804]
[7.639099180698395, 0.5380509048700333, 0.47669497411698103, 0.4807868041098118, 0.48051441740244627, 0.5830611167475581, 0.5456834537908435, 0.4973421012982726, 0.5658558793365955, 0.5367680927738547, 0.5228813113644719, 0.5049808751791716, 0.5508021814748645, 0.519828187301755, 0.5202277833595872, 0.5560836475342512, 0.5183288184925914, 0.5670158136636019, 0.5089755663648248, 0.5090130064636469, 0.46066627837717533, 0.5779801961034536, 0.5406358474865556, 0.5244079921394587, 0.5412320327013731]
[7.35971222165972, 0.8196581192314625, 0.49415003694593906, 0.48877120949327946, 0.4630461083725095, 0.4975694455206394, 0.5057182060554624, 0.421975533477962, 0.5042971456423402, 0.4806133573874831, 0.4394140122458339, 0.5030775936320424, 0.4718282800167799, 0.4536229418590665, 0.4661882296204567, 0.5510362479835749, 0.5177496615797281, 0.5109255518764257, 0.5341371530666947, 0.5213997103273869, 0.49135921616107225, 0.5197678096592426, 0.4143203152343631, 0.5076066870242357, 0.46337680984288454, 0.6162799093872309, 0.45736238081008196, 0.42038563545793295, 0.5654522487893701, 0.4994990434497595, 0.4944684421643615, 0.5581977609544992, 0.47097140178084373, 0.4617633521556854, 0.4595112530514598]
[7.843180429190397, 0.5356812421232462, 0.46476982720196247, 0.44696507044136524, 0.40339176170527935, 0.4923559548333287, 0.58943797275424, 0.5750357899814844, 0.454926666803658, 0.5454564969986677, 0.5215423768386245, 0.41423636581748724, 0.4433576362207532, 0.560349210165441, 0.4046642128378153, 0.5170765686780214, 0.5717024514451623, 0.5255915950983763, 0.5705251079052687, 0.41122681088745594, 0.49808855541050434, 0.452161299996078, 0.44880763348191977, 0.4730154713615775, 0.4137369738891721, 0.49528233613818884, 0.49332381412386894, 0.5744340550154448, 0.5329067409038544, 0.4967564018443227, 0.5459405742585659, 0.4380299299955368, 0.5116457156836987, 0.50312190502882, 0.5035980800166726]
[7.055115630850196, 0.9256523996591568, 0.4451735820621252, 0.4792314125224948, 0.45918255019932985, 0.4192405128851533, 0.49988081865012646, 0.45918179862201214, 0.4406454907730222, 0.5387415867298841, 0.5269528571516275, 0.4651051973924041, 0.44154488667845726, 0.5256964629516006, 0.5409045713022351, 0.48127975780516863, 0.45118735916912556, 0.5818810844793916, 0.5110518923029304, 0.3948834743350744, 0.5480834459885955, 0.47845170367509127, 0.45901466719806194, 0.5477466732263565, 0.39266599901020527, 0.5461831949651241, 0.49650649912655354, 0.47823808062821627, 0.5314326463267207, 0.45515045430511236, 0.4183979891240597, 0.5137554174289107, 0.4453445356339216, 0.5367597937583923, 0.4848378971219063]
[8.5443779155612, 0.4371198993176222, 0.5053764572367072, 0.5109099699184299, 0.4789625070989132, 0.5223183706402779, 0.6431850148364902, 0.5367452576756477, 0.46084106992930174, 0.5468533327803016, 0.48179590702056885, 0.4689842378720641, 0.4873700486496091, 0.4905566219240427, 0.4590793652459979, 0.471726312302053, 0.4915996687486768, 0.5045619988813996, 0.48149466048926115, 0.4820347409695387, 0.50124600995332, 0.4543784623965621, 0.5046524237841368, 0.4936389122158289, 0.5628957189619541, 0.4602653933688998, 0.5193716483190656, 0.4914279142394662, 0.5352124096825719, 0.5573358982801437, 0.47746612783521414, 0.4722203426063061, 0.4737879056483507, 0.4570581531152129, 0.4971030792221427]
[7.806710268370807, 0.47587490547448397, 0.5292362002655864, 0.4871313935145736, 0.4934750208631158, 0.4872032180428505, 0.5349002154543996, 0.5929290130734444, 0.5233202446252108, 0.5869144694879651, 0.5509685501456261, 0.5155381318181753, 0.5358727350831032, 0.5327038392424583, 0.4907945329323411, 0.5913672605529428, 0.47934797313064337, 0.5163870584219694, 0.5896014729514718, 0.5073584150522947, 0.5666996911168098, 0.5007111839950085, 0.5662250332534313, 0.5672578308731318, 0.5410462962463498, 0.4827866218984127, 0.4998015621677041, 0.5642445087432861]
[7.4241400780156255, 0.5320437038317323, 0.5277560278773308, 0.5396815855056047, 0.5288134925067425, 0.5469025624915957, 0.5538488542661071, 0.5263713989406824, 0.5386632205918431, 0.5325677013024688, 0.5731418076902628, 0.5405807746574283, 0.5031421538442373, 0.5785748353227973, 0.5578814474865794, 0.6122778318822384, 0.5943325338885188, 0.4915232388302684, 0.6340462574735284, 0.5120428092777729, 0.4729768382385373, 0.6310314442962408, 0.5458465646952391, 0.5457430146634579, 0.5593412658199668, 0.5866425232961774]
[7.9079842530190945, 0.42299965117126703, 0.4271302940323949, 0.44200207479298115, 0.5438672816380858, 0.4965946562588215, 0.41944604460150003, 0.40580521058291197, 0.4990320885553956, 0.5616882825270295, 0.4648312693461776, 0.4685267088934779, 0.5208520600572228, 0.4519884940236807, 0.5657547041773796, 0.5015792902559042, 0.4381645517423749, 0.5834543406963348, 0.5779769634827971, 0.4194435076788068, 0.5325556946918368, 0.506672334857285, 0.48245335929095745, 0.41991891525685787, 0.43626499455422163, 0.5251431185752153, 0.5140964724123478, 0.4381322879344225, 0.4162648059427738, 0.4297687979415059, 0.40933496970683336, 0.4284988287836313, 0.43983183428645134, 0.5021644402295351, 0.5368094807490706]
[7.804104129783809, 0.5219907341524959, 0.5633072787895799, 0.5292345499619842, 0.5362305706366897, 0.4756317241117358, 0.5685047935694456, 0.5429987162351608, 0.5330018037930131, 0.517359022051096, 0.4991461234167218, 0.5180191043764353, 0.506855983287096, 0.5228473031893373, 0.5155764436349273, 0.4749255068600178, 0.5534101650118828, 0.6466372339054942, 0.5654134191572666, 0.5025604227557778, 0.488078523427248, 0.6204358516260982, 0.5474212318658829, 0.5104857943952084, 0.4901822293177247, 0.5425870828330517, 0.5294579425826669, 0.5031804498285055, 0.49047664552927017, 0.48392271250486374, 0.46220019832253456, 0.5247647613286972, 0.48067731969058514, 0.5325705604627728, 0.5324393035843968]
[7.449508770368993, 0.5096931355074048, 0.4205442788079381, 0.5843404224142432, 0.48360557202249765, 0.500110661610961, 0.5919444654136896, 0.5186757082119584, 0.47763079684227705, 0.4931531250476837, 0.5166506124660373, 0.5168664222583175, 0.5927950739860535, 0.5429514674469829, 0.537356436252594, 0.5220784405246377, 0.48863383010029793, 0.4763522120192647, 0.41775349620729685, 0.4879296999424696, 0.48907151259481907, 0.4741270849481225, 0.5070839719846845, 0.5159627944231033, 0.48997765593230724, 0.5578863946720958, 0.4633033061400056, 0.4672403037548065, 0.45249015279114246, 0.483255572617054, 0.4412588467821479, 0.5256488844752312, 0.5722530456259847, 0.4982752716168761, 0.5200602859258652]
[7.828007268719375, 0.46517129894346, 0.5239634141325951, 0.5317412912845612, 0.4954565856605768, 0.5362214911729097, 0.5701270941644907, 0.49958393070846796, 0.5450073638930917, 0.5186120430007577, 0.5316974855959415, 0.49466291535645723, 0.5405684029683471, 0.5340356752276421, 0.5678886184468865, 0.5590450819581747, 0.5455881152302027, 0.5325631983578205, 0.5574228605255485, 0.471913387067616, 0.6121115414425731, 0.5588247664272785, 0.5548193315044045, 0.5503841023892164, 0.545935295522213, 0.540485174395144, 0.49433101434260607, 0.5635088421404362, 0.5643951939418912, 0.4542356198653579, 0.5266080377623439, 0.48042628541588783, 0.4841054994612932, 0.5472642341628671, 0.5270387530326843]
[7.754385717213154, 0.4579726029187441, 0.50927141495049, 0.5714397123083472, 0.5487875426188111, 0.4114104490727186, 0.5252667972818017, 0.5677840830758214, 0.5731191094964743, 0.47696163691580296, 0.45897831209003925, 0.4893745770677924, 0.5948811313137412, 0.5307790106162429, 0.4781240150332451, 0.6045022383332253, 0.49493911024183035, 0.5015791235491633, 0.5210099313408136, 0.6209303038194776, 0.5759298782795668, 0.6422981210052967, 0.40492470003664494, 0.5599214611575007, 0.49203513748943806, 0.5287459725514054, 0.39015462156385183, 0.4186438303440809, 0.5314928153529763]
